vintage,mob,n_loans,cum_defaults,cum_default_pct,new_defaults,at_risk,hazard_pct,segment
2005,1,2037,4,0.19636720667648502,4,2035,0.19656019656019655,fico_band=<620
2005,2,2037,5,0.24545900834560627,1,2027,0.0493339911198816,fico_band=<620
2005,3,2037,12,0.5891016200294551,7,2018,0.3468780971258672,fico_band=<620
2005,4,2037,27,1.3254786450662739,15,2001,0.7496251874062968,fico_band=<620
2005,5,2037,37,1.8163966617574865,10,1964,0.5091649694501018,fico_band=<620
2005,6,2037,45,2.2091310751104567,8,1943,0.4117344312918168,fico_band=<620
2005,7,2037,57,2.7982326951399115,12,1921,0.6246746486205101,fico_band=<620
2005,8,2037,61,2.9945999018163967,4,1893,0.21130480718436345,fico_band=<620
2005,9,2037,71,3.4855179185076093,10,1874,0.5336179295624333,fico_band=<620
2005,10,2037,75,3.681885125184094,4,1849,0.21633315305570577,fico_band=<620
2005,11,2037,87,4.270986745213549,12,1827,0.6568144499178982,fico_band=<620
2005,12,2037,94,4.614629356897398,7,1796,0.3897550111358575,fico_band=<620
2005,13,2037,102,5.007363770250368,8,1770,0.4519774011299435,fico_band=<620
2005,14,2037,106,5.203730976926853,4,1742,0.2296211251435132,fico_band=<620
2005,15,2037,111,5.44918998527246,5,1722,0.29036004645760743,fico_band=<620
2005,16,2037,121,5.940108001963672,10,1690,0.591715976331361,fico_band=<620
2005,17,2037,128,6.283750613647521,7,1664,0.4206730769230769,fico_band=<620
2005,18,2037,133,6.529209621993127,5,1636,0.3056234718826406,fico_band=<620
2005,19,2037,136,6.676485027000491,3,1611,0.186219739292365,fico_band=<620
2005,20,2037,140,6.8728522336769755,4,1591,0.251414204902577,fico_band=<620
2005,21,2037,149,7.314678448699067,9,1570,0.5732484076433121,fico_band=<620
2005,22,2037,151,7.41286205203731,2,1545,0.12944983818770225,fico_band=<620
2005,23,2037,155,7.609229258713794,4,1524,0.26246719160104987,fico_band=<620
2005,24,2037,161,7.903780068728523,6,1510,0.3973509933774834,fico_band=<620
2005,25,2037,171,8.394698085419735,10,1488,0.6720430107526881,fico_band=<620
2005,26,2037,174,8.541973490427099,3,1464,0.20491803278688525,fico_band=<620
2005,27,2037,178,8.738340697103583,4,1442,0.27739251040221913,fico_band=<620
2005,28,2037,185,9.081983308787432,7,1425,0.49122807017543857,fico_band=<620
2005,29,2037,189,9.278350515463918,4,1407,0.28429282160625446,fico_band=<620
2005,30,2037,193,9.474717722140403,4,1388,0.2881844380403458,fico_band=<620
2005,31,2037,196,9.621993127147766,3,1374,0.2183406113537118,fico_band=<620
2005,32,2037,200,9.818360333824252,4,1367,0.29261155815654716,fico_band=<620
2005,33,2037,203,9.965635738831615,3,1351,0.22205773501110287,fico_band=<620
2005,34,2037,208,10.21109474717722,5,1340,0.373134328358209,fico_band=<620
2005,35,2037,211,10.358370152184586,3,1334,0.22488755622188905,fico_band=<620
2005,36,2037,217,10.652920962199312,6,1314,0.45662100456621,fico_band=<620
2005,37,2037,222,10.89837997054492,5,1303,0.3837298541826554,fico_band=<620
2005,38,2037,228,11.192930780559646,6,1290,0.46511627906976744,fico_band=<620
2005,39,2037,231,11.34020618556701,3,1273,0.2356637863315004,fico_band=<620
2005,40,2037,238,11.683848797250858,7,1254,0.5582137161084529,fico_band=<620
2005,41,2037,252,12.371134020618557,14,1241,1.1281224818694602,fico_band=<620
2005,42,2037,255,12.51840942562592,3,1220,0.2459016393442623,fico_band=<620
2005,43,2037,259,12.714776632302405,4,1208,0.33112582781456956,fico_band=<620
2005,44,2037,267,13.107511045655375,8,1192,0.6711409395973155,fico_band=<620
2005,45,2037,270,13.25478645066274,3,1176,0.25510204081632654,fico_band=<620
2005,46,2037,281,13.794796269023074,11,1170,0.9401709401709402,fico_band=<620
2005,47,2037,290,14.236622484045164,9,1152,0.78125,fico_band=<620
2005,48,2037,301,14.776632302405499,11,1135,0.9691629955947136,fico_band=<620
2005,49,2037,307,15.071183112420226,6,1118,0.5366726296958855,fico_band=<620
2005,50,2037,316,15.513009327442317,9,1106,0.8137432188065099,fico_band=<620
2005,51,2037,323,15.856651939126166,7,1087,0.6439742410303588,fico_band=<620
2005,52,2037,325,15.954835542464409,2,1066,0.18761726078799248,fico_band=<620
2005,53,2037,329,16.151202749140893,4,1058,0.3780718336483932,fico_band=<620
2005,54,2037,339,16.642120765832107,10,1042,0.9596928982725528,fico_band=<620
2005,55,2037,345,16.936671575846834,6,1025,0.5853658536585366,fico_band=<620
2005,56,2037,349,17.133038782523318,4,1012,0.3952569169960474,fico_band=<620
2005,57,2037,356,17.476681394207166,7,1002,0.6986027944111777,fico_band=<620
2005,58,2037,363,17.820324005891017,7,990,0.7070707070707071,fico_band=<620
2005,59,2037,367,18.0166912125675,4,972,0.411522633744856,fico_band=<620
2005,60,2037,375,18.40942562592047,8,957,0.8359456635318704,fico_band=<620
2006,1,2195,5,0.22779043280182232,5,2195,0.22779043280182232,fico_band=<620
2006,2,2195,9,0.41002277904328016,4,2188,0.18281535648994515,fico_band=<620
2006,3,2195,24,1.0933940774487472,15,2178,0.6887052341597796,fico_band=<620
2006,4,2195,47,2.14123006833713,23,2153,1.0682768230376218,fico_band=<620
2006,5,2195,68,3.0979498861047836,21,2113,0.9938476100331283,fico_band=<620
2006,6,2195,87,3.9635535307517085,19,2076,0.9152215799614644,fico_band=<620
2006,7,2195,100,4.555808656036446,13,2039,0.6375674350171653,fico_band=<620
2006,8,2195,111,5.056947608200455,11,2007,0.5480817140009965,fico_band=<620
2006,9,2195,124,5.649202733485193,13,1969,0.6602336211274759,fico_band=<620
2006,10,2195,147,6.697038724373576,23,1935,1.1886304909560723,fico_band=<620
2006,11,2195,157,7.152619589977221,10,1893,0.5282620179609087,fico_band=<620
2006,12,2195,167,7.6082004555808656,10,1867,0.5356186395286556,fico_band=<620
2006,13,2195,176,8.018223234624147,9,1836,0.49019607843137253,fico_band=<620
2006,14,2195,191,8.701594533029613,15,1808,0.8296460176991151,fico_band=<620
2006,15,2195,204,9.29384965831435,13,1771,0.7340485601355167,fico_band=<620
2006,16,2195,219,9.977220956719817,15,1739,0.8625646923519263,fico_band=<620
2006,17,2195,228,10.387243735763098,9,1704,0.528169014084507,fico_band=<620
2006,18,2195,238,10.842824601366743,10,1678,0.5959475566150179,fico_band=<620
2006,19,2195,247,11.252847380410023,9,1653,0.5444646098003629,fico_band=<620
2006,20,2195,254,11.571753986332574,7,1625,0.4307692307692308,fico_band=<620
2006,21,2195,266,12.118451025056947,12,1599,0.7504690431519699,fico_band=<620
2006,22,2195,275,12.528473804100228,9,1569,0.5736137667304015,fico_band=<620
2006,23,2195,279,12.710706150341686,4,1541,0.25957170668397145,fico_band=<620
2006,24,2195,287,13.075170842824601,8,1513,0.5287508261731659,fico_band=<620
2006,25,2195,294,13.394077448747153,7,1493,0.46885465505693236,fico_band=<620
2006,26,2195,307,13.986332574031891,13,1474,0.8819538670284939,fico_band=<620
2006,27,2195,313,14.259681093394077,6,1449,0.4140786749482402,fico_band=<620
2006,28,2195,326,14.851936218678816,13,1430,0.9090909090909091,fico_band=<620
2006,29,2195,337,15.353075170842825,11,1400,0.7857142857142857,fico_band=<620
2006,30,2195,348,15.854214123006834,11,1373,0.8011653313911143,fico_band=<620
2006,31,2195,356,16.21867881548975,8,1349,0.5930318754633062,fico_band=<620
2006,32,2195,372,16.94760820045558,16,1332,1.2012012012012012,fico_band=<620
2006,33,2195,386,17.585421412300683,14,1303,1.0744435917114352,fico_band=<620
2006,34,2195,399,18.17767653758542,13,1272,1.0220125786163523,fico_band=<620
2006,35,2195,407,18.54214123006834,8,1251,0.6394884092725819,fico_band=<620
2006,36,2195,413,18.815489749430522,6,1227,0.4889975550122249,fico_band=<620
2006,37,2195,432,19.68109339407745,19,1207,1.5741507870753935,fico_band=<620
2006,38,2195,441,20.091116173120728,9,1172,0.7679180887372014,fico_band=<620
2006,39,2195,447,20.364464692482915,6,1146,0.5235602094240838,fico_band=<620
2006,40,2195,458,20.865603644646924,11,1125,0.9777777777777777,fico_band=<620
2006,41,2195,469,21.366742596810933,11,1106,0.9945750452079566,fico_band=<620
2006,42,2195,479,21.82232346241458,10,1089,0.9182736455463728,fico_band=<620
2006,43,2195,489,22.277904328018224,10,1070,0.9345794392523364,fico_band=<620
2006,44,2195,499,22.733485193621867,10,1048,0.9541984732824428,fico_band=<620
2006,45,2195,508,23.143507972665148,9,1033,0.8712487899322362,fico_band=<620
2006,46,2195,509,23.189066059225514,1,1006,0.09940357852882704,fico_band=<620
2006,47,2195,515,23.462414578587698,6,989,0.6066734074823054,fico_band=<620
2006,48,2195,525,23.917995444191344,10,969,1.0319917440660475,fico_band=<620
2006,49,2195,531,24.191343963553532,6,947,0.6335797254487856,fico_band=<620
2006,50,2195,540,24.60136674259681,9,932,0.9656652360515021,fico_band=<620
2006,51,2195,549,25.01138952164009,9,912,0.9868421052631579,fico_band=<620
2006,52,2195,551,25.10250569476082,2,894,0.22371364653243847,fico_band=<620
2006,53,2195,557,25.375854214123006,6,876,0.684931506849315,fico_band=<620
2006,54,2195,561,25.558086560364465,4,859,0.46565774155995343,fico_band=<620
2006,55,2195,564,25.69476082004556,3,841,0.356718192627824,fico_band=<620
2006,56,2195,567,25.831435079726653,3,832,0.3605769230769231,fico_band=<620
2006,57,2195,569,25.92255125284738,2,818,0.24449877750611246,fico_band=<620
2006,58,2195,576,26.24145785876993,7,810,0.8641975308641975,fico_band=<620
2006,59,2195,583,26.560364464692483,7,795,0.8805031446540881,fico_band=<620
2006,60,2195,588,26.788154897494305,5,781,0.6402048655569782,fico_band=<620
2007,1,2268,5,0.2204585537918871,5,2266,0.22065313327449249,fico_band=<620
2007,2,2268,7,0.30864197530864196,2,2257,0.08861320336730173,fico_band=<620
2007,3,2268,26,1.146384479717813,19,2251,0.8440693025322079,fico_band=<620
2007,4,2268,49,2.1604938271604937,23,2224,1.0341726618705036,fico_band=<620
2007,5,2268,72,3.1746031746031744,23,2184,1.0531135531135531,fico_band=<620
2007,6,2268,99,4.365079365079365,27,2142,1.2605042016806722,fico_band=<620
2007,7,2268,123,5.423280423280423,24,2095,1.1455847255369929,fico_band=<620
2007,8,2268,138,6.084656084656085,15,2050,0.7317073170731707,fico_band=<620
2007,9,2268,160,7.054673721340388,22,2016,1.0912698412698412,fico_band=<620
2007,10,2268,193,8.509700176366843,33,1979,1.6675088428499243,fico_band=<620
2007,11,2268,212,9.347442680776014,19,1934,0.9824198552223371,fico_band=<620
2007,12,2268,229,10.09700176366843,17,1907,0.8914525432616676,fico_band=<620
2007,13,2268,248,10.934744268077601,19,1876,1.0127931769722816,fico_band=<620
2007,14,2268,271,11.948853615520282,23,1843,1.2479652740097666,fico_band=<620
2007,15,2268,293,12.918871252204585,22,1811,1.2147984538928769,fico_band=<620
2007,16,2268,306,13.492063492063492,13,1772,0.7336343115124153,fico_band=<620
2007,17,2268,323,14.241622574955908,17,1746,0.9736540664375716,fico_band=<620
2007,18,2268,341,15.035273368606703,18,1711,1.0520163646990064,fico_band=<620
2007,19,2268,357,15.74074074074074,16,1669,0.9586578789694428,fico_band=<620
2007,20,2268,377,16.622574955908288,20,1642,1.218026796589525,fico_band=<620
2007,21,2268,401,17.680776014109348,24,1604,1.4962593516209477,fico_band=<620
2007,22,2268,423,18.650793650793652,22,1567,1.4039566049776644,fico_band=<620
2007,23,2268,441,19.444444444444443,18,1521,1.183431952662722,fico_band=<620
2007,24,2268,457,20.149911816578484,16,1488,1.075268817204301,fico_band=<620
2007,25,2268,472,20.811287477954146,15,1456,1.0302197802197801,fico_band=<620
2007,26,2268,485,21.38447971781305,13,1423,0.9135628952916374,fico_band=<620
2007,27,2268,499,22.001763668430335,14,1395,1.003584229390681,fico_band=<620
2007,28,2268,519,22.883597883597883,20,1363,1.467351430667645,fico_band=<620
2007,29,2268,537,23.677248677248677,18,1333,1.350337584396099,fico_band=<620
2007,30,2268,551,24.294532627865962,14,1313,1.0662604722010662,fico_band=<620
2007,31,2268,563,24.82363315696649,12,1283,0.9353078721745908,fico_band=<620
2007,32,2268,574,25.308641975308642,11,1258,0.8744038155802861,fico_band=<620
2007,33,2268,583,25.705467372134038,9,1236,0.7281553398058253,fico_band=<620
2007,34,2268,597,26.322751322751323,14,1207,1.15990057995029,fico_band=<620
2007,35,2268,604,26.631393298059965,7,1184,0.5912162162162162,fico_band=<620
2007,36,2268,612,26.984126984126984,8,1167,0.6855184233076264,fico_band=<620
2007,37,2268,618,27.24867724867725,6,1146,0.5235602094240838,fico_band=<620
2007,38,2268,626,27.60141093474427,8,1128,0.7092198581560284,fico_band=<620
2007,39,2268,641,28.26278659611993,15,1106,1.3562386980108498,fico_band=<620
2007,40,2268,650,28.659611992945326,9,1079,0.8341056533827618,fico_band=<620
2007,41,2268,654,28.835978835978835,4,1060,0.37735849056603776,fico_band=<620
2007,42,2268,663,29.232804232804234,9,1049,0.8579599618684461,fico_band=<620
2007,43,2268,674,29.717813051146383,11,1027,1.071080817916261,fico_band=<620
2007,44,2268,677,29.850088183421516,3,1001,0.2997002997002997,fico_band=<620
2007,45,2268,685,30.202821869488535,8,986,0.8113590263691683,fico_band=<620
2007,46,2268,692,30.511463844797177,7,968,0.7231404958677686,fico_band=<620
2007,47,2268,698,30.776014109347443,6,953,0.6295907660020986,fico_band=<620
2007,48,2268,702,30.952380952380953,4,936,0.42735042735042733,fico_band=<620
2007,49,2268,706,31.128747795414462,4,921,0.43431053203040176,fico_band=<620
2007,50,2268,709,31.261022927689595,3,909,0.33003300330033003,fico_band=<620
2007,51,2268,715,31.525573192239857,6,892,0.672645739910314,fico_band=<620
2007,52,2268,722,31.8342151675485,7,873,0.8018327605956472,fico_band=<620
2007,53,2268,725,31.966490299823633,3,857,0.3500583430571762,fico_band=<620
2007,54,2268,731,32.2310405643739,6,847,0.7083825265643447,fico_band=<620
2007,55,2268,735,32.407407407407405,4,825,0.48484848484848486,fico_band=<620
2007,56,2268,741,32.67195767195767,6,809,0.7416563658838071,fico_band=<620
2007,57,2268,747,32.93650793650794,6,794,0.7556675062972292,fico_band=<620
2007,58,2268,747,32.93650793650794,0,775,0.0,fico_band=<620
2007,59,2268,751,33.11287477954145,4,767,0.5215123859191656,fico_band=<620
2007,60,2268,756,33.333333333333336,5,752,0.6648936170212766,fico_band=<620
2008,1,882,1,0.11337868480725624,0,880,0.0,fico_band=<620
2008,2,882,1,0.11337868480725624,0,876,0.0,fico_band=<620
2008,3,882,12,1.3605442176870748,11,874,1.2585812356979404,fico_band=<620
2008,4,882,24,2.7210884353741496,12,863,1.3904982618771726,fico_band=<620
2008,5,882,36,4.081632653061225,12,847,1.4167650531286895,fico_band=<620
2008,6,882,51,5.782312925170068,15,829,1.8094089264173703,fico_band=<620
2008,7,882,63,7.142857142857143,12,810,1.4814814814814814,fico_band=<620
2008,8,882,78,8.843537414965986,15,792,1.893939393939394,fico_band=<620
2008,9,882,85,9.63718820861678,7,775,0.9032258064516129,fico_band=<620
2008,10,882,95,10.770975056689343,10,763,1.3106159895150722,fico_band=<620
2008,11,882,102,11.564625850340136,7,738,0.948509485094851,fico_band=<620
2008,12,882,113,12.811791383219955,11,728,1.510989010989011,fico_band=<620
2008,13,882,124,14.058956916099774,11,708,1.5536723163841808,fico_band=<620
2008,14,882,129,14.625850340136054,5,685,0.7299270072992701,fico_band=<620
2008,15,882,142,16.099773242630384,13,671,1.9374068554396424,fico_band=<620
2008,16,882,148,16.780045351473923,6,647,0.9273570324574961,fico_band=<620
2008,17,882,157,17.800453514739228,9,637,1.41287284144427,fico_band=<620
2008,18,882,165,18.707482993197278,8,619,1.2924071082390953,fico_band=<620
2008,19,882,171,19.387755102040817,6,605,0.9917355371900827,fico_band=<620
2008,20,882,179,20.294784580498867,8,595,1.3445378151260505,fico_band=<620
2008,21,882,186,21.08843537414966,7,581,1.2048192771084338,fico_band=<620
2008,22,882,189,21.428571428571427,3,569,0.5272407732864675,fico_band=<620
2008,23,882,195,22.108843537414966,6,554,1.0830324909747293,fico_band=<620
2008,24,882,203,23.015873015873016,8,545,1.4678899082568808,fico_band=<620
2008,25,882,215,24.37641723356009,12,528,2.272727272727273,fico_band=<620
2008,26,882,221,25.05668934240363,6,512,1.171875,fico_band=<620
2008,27,882,223,25.28344671201814,2,502,0.398406374501992,fico_band=<620
2008,28,882,225,25.510204081632654,2,493,0.4056795131845842,fico_band=<620
2008,29,882,236,26.75736961451247,11,484,2.272727272727273,fico_band=<620
2008,30,882,237,26.87074829931973,1,469,0.21321961620469082,fico_band=<620
2008,31,882,240,27.210884353741495,3,459,0.6535947712418301,fico_band=<620
2008,32,882,243,27.551020408163264,3,450,0.6666666666666666,fico_band=<620
2008,33,882,252,28.571428571428573,9,439,2.050113895216401,fico_band=<620
2008,34,882,255,28.91156462585034,3,424,0.7075471698113207,fico_band=<620
2008,35,882,258,29.25170068027211,3,415,0.7228915662650602,fico_band=<620
2008,36,882,258,29.25170068027211,0,406,0.0,fico_band=<620
2008,37,882,260,29.478458049886623,2,403,0.49627791563275436,fico_band=<620
2008,38,882,263,29.81859410430839,3,398,0.7537688442211056,fico_band=<620
2008,39,882,265,30.045351473922903,2,391,0.5115089514066496,fico_band=<620
2008,40,882,266,30.158730158730158,1,386,0.25906735751295334,fico_band=<620
2008,41,882,267,30.272108843537413,1,383,0.26109660574412535,fico_band=<620
2008,42,882,270,30.612244897959183,3,377,0.7957559681697612,fico_band=<620
2008,43,882,271,30.72562358276644,1,371,0.2695417789757412,fico_band=<620
2008,44,882,273,30.952380952380953,2,364,0.5494505494505495,fico_band=<620
2008,45,882,274,31.065759637188208,1,360,0.2777777777777778,fico_band=<620
2008,46,882,274,31.065759637188208,0,356,0.0,fico_band=<620
2008,47,882,276,31.292517006802722,2,350,0.5714285714285714,fico_band=<620
2008,48,882,277,31.405895691609977,1,342,0.29239766081871343,fico_band=<620
2008,49,882,278,31.519274376417233,1,339,0.2949852507374631,fico_band=<620
2008,50,882,281,31.859410430839002,3,332,0.9036144578313253,fico_band=<620
2008,51,882,284,32.19954648526077,3,325,0.9230769230769231,fico_band=<620
2008,52,882,285,32.31292517006803,1,315,0.31746031746031744,fico_band=<620
2008,53,882,288,32.6530612244898,3,306,0.9803921568627451,fico_band=<620
2008,54,882,290,32.87981859410431,2,297,0.6734006734006734,fico_band=<620
2008,55,882,293,33.21995464852608,3,291,1.0309278350515463,fico_band=<620
2008,56,882,295,33.44671201814059,2,279,0.7168458781362007,fico_band=<620
2008,57,882,295,33.44671201814059,0,269,0.0,fico_band=<620
2008,58,882,297,33.673469387755105,2,268,0.746268656716418,fico_band=<620
2008,59,882,298,33.78684807256236,1,255,0.39215686274509803,fico_band=<620
2008,60,882,300,34.01360544217687,2,239,0.8368200836820083,fico_band=<620
2010,1,427,1,0.234192037470726,1,427,0.234192037470726,fico_band=<620
2010,2,427,1,0.234192037470726,0,426,0.0,fico_band=<620
2010,3,427,2,0.468384074941452,1,426,0.2347417840375587,fico_band=<620
2010,4,427,2,0.468384074941452,0,425,0.0,fico_band=<620
2010,5,427,3,0.702576112412178,1,425,0.23529411764705882,fico_band=<620
2010,6,427,5,1.17096018735363,2,423,0.4728132387706856,fico_band=<620
2010,7,427,7,1.639344262295082,2,421,0.4750593824228028,fico_band=<620
2010,8,427,10,2.34192037470726,3,419,0.7159904534606205,fico_band=<620
2010,9,427,16,3.747072599531616,6,416,1.4423076923076923,fico_band=<620
2010,10,427,18,4.215456674473068,2,409,0.4889975550122249,fico_band=<620
2010,11,427,20,4.68384074941452,2,406,0.49261083743842365,fico_band=<620
2010,12,427,20,4.68384074941452,0,404,0.0,fico_band=<620
2010,13,427,21,4.918032786885246,1,404,0.24752475247524752,fico_band=<620
2010,14,427,21,4.918032786885246,0,401,0.0,fico_band=<620
2010,15,427,23,5.386416861826698,2,398,0.5025125628140703,fico_band=<620
2010,16,427,23,5.386416861826698,0,396,0.0,fico_band=<620
2010,17,427,24,5.620608899297424,1,395,0.25316455696202533,fico_band=<620
2010,18,427,24,5.620608899297424,0,394,0.0,fico_band=<620
2010,19,427,27,6.323185011709602,3,391,0.7672634271099744,fico_band=<620
2010,20,427,29,6.791569086651054,2,388,0.5154639175257731,fico_band=<620
2010,21,427,29,6.791569086651054,0,383,0.0,fico_band=<620
2010,22,427,30,7.02576112412178,1,381,0.26246719160104987,fico_band=<620
2010,23,427,31,7.259953161592506,1,379,0.2638522427440633,fico_band=<620
2010,24,427,34,7.962529274004684,3,377,0.7957559681697612,fico_band=<620
2010,25,427,35,8.19672131147541,1,372,0.26881720430107525,fico_band=<620
2010,26,427,35,8.19672131147541,0,371,0.0,fico_band=<620
2010,27,427,36,8.430913348946136,1,365,0.273972602739726,fico_band=<620
2010,28,427,38,8.899297423887587,2,359,0.5571030640668524,fico_band=<620
2010,29,427,38,8.899297423887587,0,356,0.0,fico_band=<620
2010,30,427,41,9.601873536299765,3,353,0.8498583569405099,fico_band=<620
2010,31,427,43,10.070257611241217,2,348,0.5747126436781609,fico_band=<620
2010,32,427,44,10.304449648711945,1,344,0.29069767441860467,fico_band=<620
2010,33,427,44,10.304449648711945,0,340,0.0,fico_band=<620
2010,34,427,44,10.304449648711945,0,337,0.0,fico_band=<620
2010,35,427,44,10.304449648711945,0,333,0.0,fico_band=<620
2010,36,427,44,10.304449648711945,0,332,0.0,fico_band=<620
2010,37,427,46,10.772833723653395,2,331,0.6042296072507553,fico_band=<620
2010,38,427,48,11.241217798594848,2,328,0.6097560975609756,fico_band=<620
2010,39,427,48,11.241217798594848,0,325,0.0,fico_band=<620
2010,40,427,50,11.7096018735363,2,324,0.6172839506172839,fico_band=<620
2010,41,427,52,12.177985948477751,2,320,0.625,fico_band=<620
2010,42,427,53,12.412177985948478,1,315,0.31746031746031744,fico_band=<620
2010,43,427,53,12.412177985948478,0,311,0.0,fico_band=<620
2010,44,427,55,12.880562060889929,2,311,0.6430868167202572,fico_band=<620
2010,45,427,55,12.880562060889929,0,306,0.0,fico_band=<620
2010,46,427,56,13.114754098360656,1,304,0.32894736842105265,fico_band=<620
2010,47,427,57,13.348946135831381,1,300,0.3333333333333333,fico_band=<620
2010,48,427,57,13.348946135831381,0,298,0.0,fico_band=<620
2010,49,427,58,13.583138173302109,1,295,0.3389830508474576,fico_band=<620
2010,50,427,58,13.583138173302109,0,290,0.0,fico_band=<620
2010,51,427,58,13.583138173302109,0,289,0.0,fico_band=<620
2010,52,427,60,14.05152224824356,2,288,0.6944444444444444,fico_band=<620
2010,53,427,60,14.05152224824356,0,284,0.0,fico_band=<620
2010,54,427,61,14.285714285714286,1,281,0.35587188612099646,fico_band=<620
2010,55,427,61,14.285714285714286,0,279,0.0,fico_band=<620
2010,56,427,61,14.285714285714286,0,279,0.0,fico_band=<620
2010,57,427,61,14.285714285714286,0,277,0.0,fico_band=<620
2010,58,427,62,14.519906323185012,1,276,0.36231884057971014,fico_band=<620
2010,59,427,63,14.754098360655737,1,273,0.3663003663003663,fico_band=<620
2010,60,427,63,14.754098360655737,0,268,0.0,fico_band=<620
2012,1,585,0,0.0,0,585,0.0,fico_band=<620
2012,2,585,0,0.0,0,585,0.0,fico_band=<620
2012,3,585,3,0.5128205128205128,3,585,0.5128205128205128,fico_band=<620
2012,4,585,7,1.1965811965811965,4,582,0.6872852233676976,fico_band=<620
2012,5,585,10,1.7094017094017093,3,578,0.5190311418685121,fico_band=<620
2012,6,585,13,2.2222222222222223,3,575,0.5217391304347826,fico_band=<620
2012,7,585,14,2.393162393162393,1,572,0.17482517482517482,fico_band=<620
2012,8,585,16,2.735042735042735,2,570,0.3508771929824561,fico_band=<620
2012,9,585,18,3.076923076923077,2,567,0.3527336860670194,fico_band=<620
2012,10,585,19,3.247863247863248,1,565,0.17699115044247787,fico_band=<620
2012,11,585,22,3.7606837606837606,3,564,0.5319148936170213,fico_band=<620
2012,12,585,22,3.7606837606837606,0,560,0.0,fico_band=<620
2012,13,585,23,3.9316239316239314,1,560,0.17857142857142858,fico_band=<620
2012,14,585,27,4.615384615384615,4,559,0.7155635062611807,fico_band=<620
2012,15,585,30,5.128205128205129,3,555,0.5405405405405406,fico_band=<620
2012,16,585,35,5.982905982905983,5,552,0.9057971014492754,fico_band=<620
2012,17,585,38,6.495726495726496,3,546,0.5494505494505495,fico_band=<620
2012,18,585,38,6.495726495726496,0,542,0.0,fico_band=<620
2012,19,585,39,6.666666666666667,1,542,0.18450184501845018,fico_band=<620
2012,20,585,40,6.837606837606837,1,540,0.18518518518518517,fico_band=<620
2012,21,585,41,7.0085470085470085,1,538,0.18587360594795538,fico_band=<620
2012,22,585,42,7.17948717948718,1,535,0.18691588785046728,fico_band=<620
2012,23,585,43,7.35042735042735,1,532,0.18796992481203006,fico_band=<620
2012,24,585,43,7.35042735042735,0,528,0.0,fico_band=<620
2012,25,585,45,7.6923076923076925,2,524,0.3816793893129771,fico_band=<620
2012,26,585,46,7.863247863247863,1,521,0.19193857965451055,fico_band=<620
2012,27,585,47,8.034188034188034,1,519,0.1926782273603083,fico_band=<620
2012,28,585,48,8.205128205128204,1,516,0.1937984496124031,fico_band=<620
2012,29,585,51,8.717948717948717,3,515,0.5825242718446602,fico_band=<620
2012,30,585,51,8.717948717948717,0,509,0.0,fico_band=<620
2012,31,585,51,8.717948717948717,0,506,0.0,fico_band=<620
2012,32,585,51,8.717948717948717,0,501,0.0,fico_band=<620
2012,33,585,52,8.88888888888889,1,500,0.2,fico_band=<620
2012,34,585,52,8.88888888888889,0,497,0.0,fico_band=<620
2012,35,585,52,8.88888888888889,0,496,0.0,fico_band=<620
2012,36,585,53,9.05982905982906,1,493,0.2028397565922921,fico_band=<620
2012,37,585,53,9.05982905982906,0,491,0.0,fico_band=<620
2012,38,585,53,9.05982905982906,0,488,0.0,fico_band=<620
2012,39,585,53,9.05982905982906,0,487,0.0,fico_band=<620
2012,40,585,54,9.23076923076923,1,487,0.2053388090349076,fico_band=<620
2012,41,585,54,9.23076923076923,0,486,0.0,fico_band=<620
2012,42,585,56,9.572649572649572,2,482,0.4149377593360996,fico_band=<620
2012,43,585,56,9.572649572649572,0,477,0.0,fico_band=<620
2012,44,585,56,9.572649572649572,0,473,0.0,fico_band=<620
2012,45,585,57,9.743589743589743,1,470,0.2127659574468085,fico_band=<620
2012,46,585,57,9.743589743589743,0,469,0.0,fico_band=<620
2012,47,585,58,9.914529914529915,1,466,0.2145922746781116,fico_band=<620
2012,48,585,58,9.914529914529915,0,463,0.0,fico_band=<620
2012,49,585,60,10.256410256410257,2,461,0.43383947939262474,fico_band=<620
2012,50,585,60,10.256410256410257,0,458,0.0,fico_band=<620
2012,51,585,61,10.427350427350428,1,454,0.22026431718061673,fico_band=<620
2012,52,585,62,10.598290598290598,1,449,0.22271714922049,fico_band=<620
2012,53,585,64,10.94017094017094,2,446,0.4484304932735426,fico_band=<620
2012,54,585,64,10.94017094017094,0,437,0.0,fico_band=<620
2012,55,585,66,11.282051282051283,2,435,0.45977011494252873,fico_band=<620
2012,56,585,67,11.452991452991453,1,425,0.23529411764705882,fico_band=<620
2012,57,585,67,11.452991452991453,0,419,0.0,fico_band=<620
2012,58,585,68,11.623931623931623,1,415,0.24096385542168675,fico_band=<620
2012,59,585,69,11.794871794871796,1,411,0.24330900243309003,fico_band=<620
2012,60,585,70,11.965811965811966,1,404,0.24752475247524752,fico_band=<620
2015,1,374,1,0.26737967914438504,0,373,0.0,fico_band=<620
2015,2,374,1,0.26737967914438504,0,373,0.0,fico_band=<620
2015,3,374,1,0.26737967914438504,0,373,0.0,fico_band=<620
2015,4,374,1,0.26737967914438504,0,373,0.0,fico_band=<620
2015,5,374,1,0.26737967914438504,0,372,0.0,fico_band=<620
2015,6,374,2,0.5347593582887701,1,372,0.26881720430107525,fico_band=<620
2015,7,374,3,0.8021390374331551,1,370,0.2702702702702703,fico_band=<620
2015,8,374,3,0.8021390374331551,0,368,0.0,fico_band=<620
2015,9,374,3,0.8021390374331551,0,366,0.0,fico_band=<620
2015,10,374,3,0.8021390374331551,0,364,0.0,fico_band=<620
2015,11,374,3,0.8021390374331551,0,363,0.0,fico_band=<620
2015,12,374,5,1.3368983957219251,2,363,0.5509641873278237,fico_band=<620
2015,13,374,6,1.6042780748663101,1,360,0.2777777777777778,fico_band=<620
2015,14,374,6,1.6042780748663101,0,355,0.0,fico_band=<620
2015,15,374,7,1.8716577540106951,1,353,0.28328611898017,fico_band=<620
2015,16,374,7,1.8716577540106951,0,351,0.0,fico_band=<620
2015,17,374,7,1.8716577540106951,0,349,0.0,fico_band=<620
2015,18,374,7,1.8716577540106951,0,347,0.0,fico_band=<620
2015,19,374,8,2.1390374331550803,1,344,0.29069767441860467,fico_band=<620
2015,20,374,8,2.1390374331550803,0,342,0.0,fico_band=<620
2015,21,374,8,2.1390374331550803,0,342,0.0,fico_band=<620
2015,22,374,9,2.406417112299465,1,340,0.29411764705882354,fico_band=<620
2015,23,374,11,2.9411764705882355,2,338,0.591715976331361,fico_band=<620
2015,24,374,13,3.4759358288770055,2,336,0.5952380952380952,fico_band=<620
2015,25,374,13,3.4759358288770055,0,331,0.0,fico_band=<620
2015,26,374,14,3.7433155080213902,1,330,0.30303030303030304,fico_band=<620
2015,27,374,16,4.278074866310161,2,328,0.6097560975609756,fico_band=<620
2015,28,374,17,4.545454545454546,1,324,0.30864197530864196,fico_band=<620
2015,29,374,18,4.81283422459893,1,321,0.3115264797507788,fico_band=<620
2015,30,374,20,5.347593582887701,2,316,0.6329113924050633,fico_band=<620
2015,31,374,20,5.347593582887701,0,313,0.0,fico_band=<620
2015,32,374,22,5.882352941176471,2,312,0.6410256410256411,fico_band=<620
2015,33,374,22,5.882352941176471,0,306,0.0,fico_band=<620
2015,34,374,23,6.149732620320855,1,304,0.32894736842105265,fico_band=<620
2015,35,374,24,6.4171122994652405,1,299,0.33444816053511706,fico_band=<620
2015,36,374,24,6.4171122994652405,0,294,0.0,fico_band=<620
2015,37,374,24,6.4171122994652405,0,293,0.0,fico_band=<620
2015,38,374,24,6.4171122994652405,0,292,0.0,fico_band=<620
2015,39,374,24,6.4171122994652405,0,289,0.0,fico_band=<620
2015,40,374,24,6.4171122994652405,0,284,0.0,fico_band=<620
2015,41,373,27,7.238605898123325,3,283,1.0600706713780919,fico_band=<620
2015,42,373,28,7.506702412868632,1,275,0.36363636363636365,fico_band=<620
2015,43,373,29,7.774798927613941,1,270,0.37037037037037035,fico_band=<620
2015,44,373,29,7.774798927613941,0,268,0.0,fico_band=<620
2015,45,373,29,7.774798927613941,0,266,0.0,fico_band=<620
2015,46,371,29,7.816711590296496,0,263,0.0,fico_band=<620
2015,47,350,27,7.714285714285714,0,245,0.0,fico_band=<620
2015,48,324,26,8.024691358024691,0,228,0.0,fico_band=<620
2015,49,298,26,8.724832214765101,1,202,0.49504950495049505,fico_band=<620
2015,50,275,25,9.090909090909092,0,185,0.0,fico_band=<620
2015,51,235,21,8.936170212765957,0,159,0.0,fico_band=<620
2015,52,201,14,6.965174129353234,1,139,0.7194244604316546,fico_band=<620
2018,1,137,0,0.0,0,137,0.0,fico_band=<620
2018,2,137,0,0.0,0,137,0.0,fico_band=<620
2018,3,137,0,0.0,0,136,0.0,fico_band=<620
2018,4,137,1,0.7299270072992701,1,136,0.7352941176470589,fico_band=<620
2018,5,137,1,0.7299270072992701,0,133,0.0,fico_band=<620
2018,6,137,1,0.7299270072992701,0,132,0.0,fico_band=<620
2018,7,137,3,2.18978102189781,2,130,1.5384615384615385,fico_band=<620
2018,8,137,3,2.18978102189781,0,127,0.0,fico_band=<620
2018,9,137,3,2.18978102189781,0,126,0.0,fico_band=<620
2018,10,136,3,2.2058823529411766,0,124,0.0,fico_band=<620
2018,11,130,3,2.3076923076923075,0,117,0.0,fico_band=<620
2018,12,120,4,3.3333333333333335,1,109,0.9174311926605505,fico_band=<620
2018,13,113,4,3.5398230088495577,0,99,0.0,fico_band=<620
2018,14,102,4,3.9215686274509802,0,88,0.0,fico_band=<620
2018,15,92,4,4.3478260869565215,0,80,0.0,fico_band=<620
2018,16,85,4,4.705882352941177,0,74,0.0,fico_band=<620
2018,17,71,2,2.816901408450704,0,67,0.0,fico_band=<620
2005,1,9464,4,0.042265426880811495,4,9458,0.04229223937407486,fico_band=620-679
2005,2,9464,8,0.08453085376162299,4,9438,0.04238186056367874,fico_band=620-679
2005,3,9464,33,0.34868977176669486,25,9407,0.26575954076751357,fico_band=620-679
2005,4,9464,54,0.5705832628909552,21,9340,0.22483940042826553,fico_band=620-679
2005,5,9464,76,0.8030431107354185,22,9273,0.2372479240806643,fico_band=620-679
2005,6,9464,96,1.0143702451394758,20,9180,0.2178649237472767,fico_band=620-679
2005,7,9464,125,1.3207945900253593,29,9078,0.31945362414628775,fico_band=620-679
2005,8,9464,150,1.5849535080304311,25,8987,0.2781795927450762,fico_band=620-679
2005,9,9464,167,1.76458157227388,17,8888,0.19126912691269127,fico_band=620-679
2005,10,9464,190,2.007607776838546,23,8800,0.26136363636363635,fico_band=620-679
2005,11,9464,205,2.166103127641589,15,8688,0.17265193370165746,fico_band=620-679
2005,12,9464,234,2.4725274725274726,29,8589,0.33764116893701246,fico_band=620-679
2005,13,9464,259,2.7366863905325443,25,8486,0.29460287532406315,fico_band=620-679
2005,14,9464,283,2.9902789518174133,24,8362,0.2870126763932074,fico_band=620-679
2005,15,9464,301,3.1804733727810652,18,8263,0.21783855742466415,fico_band=620-679
2005,16,9464,318,3.360101437024514,17,8165,0.2082057562767912,fico_band=620-679
2005,17,9464,331,3.4974640743871515,13,8061,0.1612703138568416,fico_band=620-679
2005,18,9464,348,3.6770921386306004,17,7967,0.21338019329735158,fico_band=620-679
2005,19,9464,361,3.8144547759932377,13,7859,0.16541544725792084,fico_band=620-679
2005,20,9464,376,3.9729501267962806,15,7777,0.19287643050019287,fico_band=620-679
2005,21,9464,404,4.268808114961961,28,7677,0.3647258043506578,fico_band=620-679
2005,22,9464,421,4.44843617920541,17,7566,0.2246893999471319,fico_band=620-679
2005,23,9464,437,4.617497886728656,16,7479,0.21393234389624283,fico_band=620-679
2005,24,9464,452,4.775993237531699,15,7399,0.20273009866198136,fico_band=620-679
2005,25,9464,467,4.934488588334742,15,7308,0.20525451559934318,fico_band=620-679
2005,26,9464,486,5.135249366018597,19,7229,0.26283026698021855,fico_band=620-679
2005,27,9464,502,5.304311073541843,16,7148,0.2238388360380526,fico_band=620-679
2005,28,9464,514,5.431107354184277,12,7076,0.1695873374788016,fico_band=620-679
2005,29,9464,527,5.568469991546914,13,7000,0.18571428571428572,fico_band=620-679
2005,30,9464,555,5.864327979712595,28,6940,0.4034582132564842,fico_band=620-679
2005,31,9464,572,6.043956043956044,17,6848,0.24824766355140188,fico_band=620-679
2005,32,9464,584,6.170752324598478,12,6768,0.1773049645390071,fico_band=620-679
2005,33,9464,600,6.3398140321217245,16,6713,0.23834351258751676,fico_band=620-679
2005,34,9464,619,6.540574809805579,19,6651,0.28567132761990677,fico_band=620-679
2005,35,9464,638,6.741335587489433,19,6577,0.28888551011099284,fico_band=620-679
2005,36,9464,665,7.0266272189349115,27,6513,0.41455550437586364,fico_band=620-679
2005,37,9464,680,7.185122569737954,15,6437,0.2330278079850862,fico_band=620-679
2005,38,9464,716,7.565511411665258,36,6382,0.5640864932623002,fico_band=620-679
2005,39,9464,742,7.840236686390533,26,6303,0.41250198318261144,fico_band=620-679
2005,40,9464,769,8.125528317836011,27,6227,0.4335956319254858,fico_band=620-679
2005,41,9464,795,8.400253592561285,26,6150,0.42276422764227645,fico_band=620-679
2005,42,9464,829,8.759509721048182,34,6076,0.5595786701777485,fico_band=620-679
2005,43,9464,849,8.97083685545224,20,5997,0.33350008337502085,fico_band=620-679
2005,44,9464,876,9.256128486897717,27,5933,0.45508174616551494,fico_band=620-679
2005,45,9464,905,9.5625528317836,29,5866,0.49437436072280944,fico_band=620-679
2005,46,9464,933,9.858410819949281,28,5775,0.48484848484848486,fico_band=620-679
2005,47,9464,973,10.281065088757396,40,5688,0.7032348804500703,fico_band=620-679
2005,48,9464,1004,10.608622147083686,31,5602,0.5533737950731882,fico_band=620-679
2005,49,9464,1031,10.893913778529162,27,5528,0.48842257597684513,fico_band=620-679
2005,50,9464,1053,11.126373626373626,22,5461,0.4028566196667277,fico_band=620-679
2005,51,9464,1090,11.517328825021133,37,5390,0.686456400742115,fico_band=620-679
2005,52,9464,1127,11.908284023668639,37,5307,0.697192387412851,fico_band=620-679
2005,53,9464,1147,12.119611158072697,20,5229,0.38248231019315354,fico_band=620-679
2005,54,9464,1174,12.404902789518173,27,5163,0.5229517722254503,fico_band=620-679
2005,55,9464,1203,12.711327134404057,29,5095,0.5691854759568205,fico_band=620-679
2005,56,9464,1231,13.007185122569737,28,5031,0.556549393758696,fico_band=620-679
2005,57,9464,1267,13.387573964497042,36,4968,0.7246376811594203,fico_band=620-679
2005,58,9464,1301,13.74683009298394,34,4888,0.6955810147299509,fico_band=620-679
2005,59,9464,1324,13.989856297548606,23,4805,0.4786680541103018,fico_band=620-679
2005,60,9464,1349,14.254015215553677,25,4736,0.5278716216216216,fico_band=620-679
2006,1,10002,10,0.09998000399920016,8,9995,0.080040020010005,fico_band=620-679
2006,2,10002,28,0.27994401119776047,18,9971,0.18052351820278809,fico_band=620-679
2006,3,10002,67,0.669866026794641,39,9924,0.39298669891172916,fico_band=620-679
2006,4,10002,107,1.0697860427914416,40,9843,0.40638016864777,fico_band=620-679
2006,5,10002,145,1.4497100579884024,38,9743,0.390023606691984,fico_band=620-679
2006,6,10002,171,1.7096580683863227,26,9640,0.2697095435684647,fico_band=620-679
2006,7,10002,209,2.0895820835832835,38,9552,0.39782244556113905,fico_band=620-679
2006,8,10002,237,2.369526094781044,28,9453,0.2962022638315879,fico_band=620-679
2006,9,10002,274,2.7394521095780844,37,9350,0.39572192513368987,fico_band=620-679
2006,10,10002,313,3.129374125174965,39,9245,0.42184964845862627,fico_band=620-679
2006,11,10002,354,3.5392921415716856,41,9123,0.4494135700975556,fico_band=620-679
2006,12,10002,385,3.849230153969206,31,9007,0.3441767514155657,fico_band=620-679
2006,13,10002,407,4.069186162767447,22,8882,0.24769196126998425,fico_band=620-679
2006,14,10002,437,4.369126174765047,30,8760,0.3424657534246575,fico_band=620-679
2006,15,10002,469,4.689062187562487,32,8631,0.3707565751361372,fico_band=620-679
2006,16,10002,491,4.909018196360728,22,8508,0.25858015984955335,fico_band=620-679
2006,17,10002,519,5.188962207558489,28,8392,0.3336510962821735,fico_band=620-679
2006,18,10002,552,5.518896220755849,33,8246,0.4001940334707737,fico_band=620-679
2006,19,10002,577,5.768846230753849,25,8113,0.3081474177246395,fico_band=620-679
2006,20,10002,597,5.96880623875225,20,8004,0.24987506246876562,fico_band=620-679
2006,21,10002,620,6.19876024795041,23,7913,0.2906609376974599,fico_band=620-679
2006,22,10002,646,6.45870825834833,26,7800,0.3333333333333333,fico_band=620-679
2006,23,10002,677,6.768646270745851,31,7684,0.4034357105674128,fico_band=620-679
2006,24,10002,712,7.118576284743051,35,7568,0.46247357293868924,fico_band=620-679
2006,25,10002,757,7.568486302739452,45,7464,0.6028938906752411,fico_band=620-679
2006,26,10002,791,7.908418316336733,34,7359,0.4620192961000136,fico_band=620-679
2006,27,10002,837,8.368326334733053,46,7266,0.63308560418387,fico_band=620-679
2006,28,10002,886,8.858228354329134,49,7154,0.684931506849315,fico_band=620-679
2006,29,10002,919,9.188162367526495,33,7052,0.4679523539421441,fico_band=620-679
2006,30,10002,948,9.478104379124176,29,6957,0.41684634181400027,fico_band=620-679
2006,31,10002,974,9.738052389522096,26,6833,0.38050636616420314,fico_band=620-679
2006,32,10002,1024,10.237952409518096,50,6712,0.7449344457687723,fico_band=620-679
2006,33,10002,1083,10.827834433113377,59,6585,0.8959757023538345,fico_band=620-679
2006,34,10002,1147,11.467706458708259,64,6462,0.9904054472299597,fico_band=620-679
2006,35,10002,1197,11.967606478704258,50,6308,0.7926442612555485,fico_band=620-679
2006,36,10002,1245,12.44751049790042,48,6170,0.7779578606158833,fico_band=620-679
2006,37,10002,1286,12.85742851429714,41,6021,0.6809500083042684,fico_band=620-679
2006,38,10002,1330,13.29734053189362,44,5906,0.745005079580088,fico_band=620-679
2006,39,10002,1377,13.767246550689862,47,5765,0.8152645273200347,fico_band=620-679
2006,40,10002,1420,14.197160567886423,43,5638,0.7626818020574672,fico_band=620-679
2006,41,10002,1468,14.677064587082583,48,5534,0.8673653776653415,fico_band=620-679
2006,42,10002,1515,15.146970605878824,47,5424,0.866519174041298,fico_band=620-679
2006,43,10002,1560,15.596880623875226,45,5326,0.8449117536612842,fico_band=620-679
2006,44,10002,1600,15.996800639872026,40,5224,0.7656967840735069,fico_band=620-679
2006,45,10002,1636,16.356728654269148,36,5117,0.7035372288450263,fico_band=620-679
2006,46,10002,1671,16.706658668266346,35,5015,0.6979062811565304,fico_band=620-679
2006,47,10002,1710,17.096580683863227,39,4913,0.7938123346224303,fico_band=620-679
2006,48,10002,1737,17.36652669466107,27,4811,0.5612138848472251,fico_band=620-679
2006,49,10002,1757,17.566486702659468,20,4736,0.4222972972972973,fico_band=620-679
2006,50,10002,1780,17.796440711857628,23,4663,0.4932446922582029,fico_band=620-679
2006,51,10002,1801,18.006398720255948,21,4571,0.45941807044410415,fico_band=620-679
2006,52,10002,1838,18.37632473505299,37,4498,0.82258781680747,fico_band=620-679
2006,53,10002,1863,18.62627474505099,25,4391,0.5693463903438852,fico_band=620-679
2006,54,10002,1878,18.77624475104979,15,4306,0.34835113794705064,fico_band=620-679
2006,55,10002,1909,19.08618276344731,31,4234,0.7321681624940954,fico_band=620-679
2006,56,10002,1934,19.33613277344531,25,4140,0.6038647342995169,fico_band=620-679
2006,57,10002,1953,19.526094781043792,19,4069,0.4669451953797002,fico_band=620-679
2006,58,10002,1975,19.74605078984203,22,3993,0.5509641873278237,fico_band=620-679
2006,59,10002,2000,19.996000799840033,25,3916,0.6384065372829418,fico_band=620-679
2006,60,10002,2022,20.21595680863827,22,3840,0.5729166666666666,fico_band=620-679
2007,1,9674,14,0.1447178002894356,14,9671,0.1447626925860821,fico_band=620-679
2007,2,9674,25,0.2584246433739921,11,9647,0.11402508551881414,fico_band=620-679
2007,3,9674,87,0.8993177589414927,62,9612,0.6450270495214315,fico_band=620-679
2007,4,9674,146,1.5091999173041142,59,9513,0.6202039314622096,fico_band=620-679
2007,5,9674,192,1.9847012611122596,46,9401,0.4893096479097968,fico_band=620-679
2007,6,9674,247,2.5532354765350425,55,9305,0.5910800644814616,fico_band=620-679
2007,7,9674,293,3.028736820343188,46,9183,0.5009256234346074,fico_band=620-679
2007,8,9674,330,3.4112052925366965,37,9074,0.40775843068106676,fico_band=620-679
2007,9,9674,380,3.9280545792846806,50,8962,0.5579111805400581,fico_band=620-679
2007,10,9674,425,4.393218937357866,45,8856,0.508130081300813,fico_band=620-679
2007,11,9674,475,4.910068224105851,50,8760,0.5707762557077626,fico_band=620-679
2007,12,9674,525,5.426917510853835,50,8652,0.5779010633379565,fico_band=620-679
2007,13,9674,595,6.150506512301013,70,8551,0.8186177055315168,fico_band=620-679
2007,14,9674,658,6.801736613603473,63,8416,0.748574144486692,fico_band=620-679
2007,15,9674,713,7.370270829026256,55,8283,0.6640106241699867,fico_band=620-679
2007,16,9674,783,8.093859830473434,70,8152,0.858684985279686,fico_band=620-679
2007,17,9674,840,8.683068017366136,57,8004,0.712143928035982,fico_band=620-679
2007,18,9674,889,9.18958031837916,49,7875,0.6222222222222222,fico_band=620-679
2007,19,9674,939,9.706429605127145,50,7740,0.6459948320413437,fico_band=620-679
2007,20,9674,995,10.285300806284887,56,7604,0.7364544976328248,fico_band=620-679
2007,21,9674,1049,10.84349803597271,54,7477,0.7222147920288886,fico_band=620-679
2007,22,9674,1131,11.691130866239405,82,7326,1.1193011193011193,fico_band=620-679
2007,23,9674,1195,12.352697953276824,64,7173,0.8922347692736652,fico_band=620-679
2007,24,9674,1251,12.931569154434566,56,7031,0.7964727634760347,fico_band=620-679
2007,25,9674,1315,13.593136241471987,64,6879,0.9303677860154093,fico_band=620-679
2007,26,9674,1375,14.213355385569567,60,6716,0.8933889219773675,fico_band=620-679
2007,27,9674,1439,14.874922472606988,64,6571,0.9739765636889363,fico_band=620-679
2007,28,9674,1500,15.50547860243953,61,6429,0.9488256338466324,fico_band=620-679
2007,29,9674,1566,16.18771966094687,66,6296,1.048284625158831,fico_band=620-679
2007,30,9674,1616,16.704568947694852,50,6165,0.8110300081103001,fico_band=620-679
2007,31,9674,1670,17.262766177382677,54,6049,0.8927095387667383,fico_band=620-679
2007,32,9674,1731,17.893322307215215,61,5927,1.029188459591699,fico_band=620-679
2007,33,9674,1771,18.306801736613604,40,5793,0.6904885206283445,fico_band=620-679
2007,34,9674,1814,18.75129212321687,43,5682,0.7567757831749384,fico_band=620-679
2007,35,9674,1858,19.206119495555097,44,5565,0.7906558849955077,fico_band=620-679
2007,36,9674,1899,19.62993591068844,41,5446,0.7528461255967682,fico_band=620-679
2007,37,9674,1937,20.022741368616913,38,5347,0.7106788853562745,fico_band=620-679
2007,38,9674,1966,20.32251395493074,29,5238,0.5536464299350897,fico_band=620-679
2007,39,9674,1999,20.663634484184414,33,5143,0.641648843087692,fico_band=620-679
2007,40,9674,2020,20.880711184618566,21,5038,0.4168320762207225,fico_band=620-679
2007,41,9674,2054,21.232168699607193,34,4939,0.688398461226969,fico_band=620-679
2007,42,9674,2081,21.511267314451107,27,4838,0.5580818520049607,fico_band=620-679
2007,43,9674,2118,21.893735786644616,37,4737,0.7810850749419463,fico_band=620-679
2007,44,9674,2144,22.162497415753567,26,4624,0.5622837370242214,fico_band=620-679
2007,45,9674,2178,22.513954930742194,34,4527,0.751049259995582,fico_band=620-679
2007,46,9674,2201,22.75170560264627,23,4434,0.5187189896256202,fico_band=620-679
2007,47,9674,2225,22.9997932602853,24,4366,0.5497022446174988,fico_band=620-679
2007,48,9674,2249,23.247880917924334,24,4286,0.5599626691553896,fico_band=620-679
2007,49,9674,2274,23.506305561298326,25,4210,0.5938242280285035,fico_band=620-679
2007,50,9674,2292,23.6923713045276,18,4137,0.43509789702683105,fico_band=620-679
2007,51,9674,2313,23.909448004961753,21,4057,0.5176238599950702,fico_band=620-679
2007,52,9674,2338,24.167872648335745,25,3994,0.6259389083625438,fico_band=620-679
2007,53,9674,2359,24.384949348769897,21,3909,0.5372217958557176,fico_band=620-679
2007,54,9674,2384,24.64337399214389,25,3841,0.6508721687060661,fico_band=620-679
2007,55,9674,2404,24.850113706843086,20,3753,0.5329070077271516,fico_band=620-679
2007,56,9674,2418,24.99483150713252,14,3663,0.3822003822003822,fico_band=620-679
2007,57,9674,2432,25.139549307421955,14,3598,0.38910505836575876,fico_band=620-679
2007,58,9674,2452,25.346289022121148,20,3516,0.5688282138794084,fico_band=620-679
2007,59,9674,2472,25.553028736820345,20,3418,0.5851375073142189,fico_band=620-679
2007,60,9674,2487,25.70808352284474,15,3323,0.4513993379476377,fico_band=620-679
2008,1,5835,5,0.0856898029134533,4,5833,0.068575347162695,fico_band=620-679
2008,2,5835,8,0.13710368466152528,3,5821,0.05153753650575502,fico_band=620-679
2008,3,5835,31,0.5312767780634104,23,5801,0.3964833649370798,fico_band=620-679
2008,4,5835,66,1.1311053984575836,35,5743,0.6094375761796971,fico_band=620-679
2008,5,5835,86,1.4738646101113968,20,5670,0.3527336860670194,fico_band=620-679
2008,6,5835,125,2.1422450728363325,39,5612,0.6949394155381325,fico_band=620-679
2008,7,5835,159,2.7249357326478147,34,5519,0.6160536329045116,fico_band=620-679
2008,8,5835,193,3.3076263924592975,34,5423,0.6269592476489029,fico_band=620-679
2008,9,5835,226,3.873179091688089,33,5323,0.6199511553635169,fico_band=620-679
2008,10,5835,256,4.387317909168809,30,5227,0.5739429883298259,fico_band=620-679
2008,11,5835,292,5.004284490145673,36,5133,0.701344243132671,fico_band=620-679
2008,12,5835,331,5.672664952870608,39,5029,0.7755020878902367,fico_band=620-679
2008,13,5835,380,6.512425021422451,49,4907,0.9985734664764622,fico_band=620-679
2008,14,5835,423,7.249357326478149,43,4778,0.8999581414817915,fico_band=620-679
2008,15,5835,457,7.8320479862896315,34,4657,0.7300837449001503,fico_band=620-679
2008,16,5835,494,8.466152527849186,37,4550,0.8131868131868132,fico_band=620-679
2008,17,5835,533,9.134532990574122,39,4466,0.8732646663681146,fico_band=620-679
2008,18,5835,568,9.734361610968294,35,4356,0.8034894398530762,fico_band=620-679
2008,19,5835,607,10.402742073693231,39,4265,0.9144196951934349,fico_band=620-679
2008,20,5835,630,10.796915167095115,23,4190,0.548926014319809,fico_band=620-679
2008,21,5835,654,11.208226221079691,24,4114,0.583373845405931,fico_band=620-679
2008,22,5835,685,11.739502999143102,31,4028,0.7696127110228401,fico_band=620-679
2008,23,5835,709,12.150814053127677,24,3937,0.6096012192024384,fico_band=620-679
2008,24,5835,731,12.527849185946872,22,3843,0.5724694249284413,fico_band=620-679
2008,25,5835,751,12.870608397600686,20,3768,0.5307855626326964,fico_band=620-679
2008,26,5835,771,13.2133676092545,20,3681,0.54333061668025,fico_band=620-679
2008,27,5835,795,13.624678663239074,24,3608,0.6651884700665188,fico_band=620-679
2008,28,5835,807,13.830334190231362,12,3524,0.340522133938706,fico_band=620-679
2008,29,5835,827,14.173093401885176,20,3456,0.5787037037037037,fico_band=620-679
2008,30,5835,850,14.567266495287061,23,3381,0.6802721088435374,fico_band=620-679
2008,31,5835,865,14.824335904027421,15,3308,0.4534461910519952,fico_band=620-679
2008,32,5835,883,15.132819194515852,18,3232,0.556930693069307,fico_band=620-679
2008,33,5835,899,15.407026563838903,16,3167,0.5052099778970635,fico_band=620-679
2008,34,5835,912,15.629820051413882,13,3100,0.41935483870967744,fico_band=620-679
2008,35,5835,932,15.972579263067695,20,3038,0.6583278472679395,fico_band=620-679
2008,36,5835,944,16.17823479005998,12,2969,0.40417649040080833,fico_band=620-679
2008,37,5835,955,16.36675235646958,11,2912,0.37774725274725274,fico_band=620-679
2008,38,5835,974,16.692373607540702,19,2862,0.6638714185883997,fico_band=620-679
2008,39,5835,987,16.91516709511568,13,2807,0.46312789454934095,fico_band=620-679
2008,40,5835,1004,17.206512425021423,17,2755,0.617059891107078,fico_band=620-679
2008,41,5835,1014,17.37789203084833,10,2702,0.3700962250185048,fico_band=620-679
2008,42,5835,1020,17.480719794344473,6,2648,0.22658610271903323,fico_band=620-679
2008,43,5835,1036,17.754927163667524,16,2603,0.6146753745678064,fico_band=620-679
2008,44,5835,1046,17.92630676949443,10,2545,0.3929273084479371,fico_band=620-679
2008,45,5835,1056,18.097686375321338,10,2487,0.4020908725371934,fico_band=620-679
2008,46,5835,1067,18.286203941730935,11,2429,0.45286125977768626,fico_band=620-679
2008,47,5835,1075,18.42330762639246,8,2365,0.3382663847780127,fico_band=620-679
2008,48,5835,1084,18.577549271636673,9,2308,0.389948006932409,fico_band=620-679
2008,49,5835,1090,18.680377035132818,6,2259,0.2656042496679947,fico_band=620-679
2008,50,5835,1100,18.851756640959724,10,2205,0.45351473922902497,fico_band=620-679
2008,51,5835,1111,19.040274207369322,11,2134,0.5154639175257731,fico_band=620-679
2008,52,5835,1120,19.194515852613538,9,2074,0.4339440694310511,fico_band=620-679
2008,53,5835,1129,19.348757497857754,9,2025,0.4444444444444444,fico_band=620-679
2008,54,5835,1136,19.46872322193659,7,1978,0.3538928210313448,fico_band=620-679
2008,55,5835,1138,19.50299914310197,2,1913,0.10454783063251437,fico_band=620-679
2008,56,5835,1143,19.588688946015424,5,1861,0.2686727565824825,fico_band=620-679
2008,57,5835,1151,19.72579263067695,8,1811,0.4417448923246825,fico_band=620-679
2008,58,5834,1161,19.900582790538223,11,1735,0.6340057636887608,fico_band=620-679
2008,59,5834,1165,19.969146383270484,4,1662,0.24067388688327315,fico_band=620-679
2008,60,5834,1169,20.03770997600274,4,1605,0.24922118380062305,fico_band=620-679
2010,1,2593,0,0.0,0,2593,0.0,fico_band=620-679
2010,2,2593,0,0.0,0,2588,0.0,fico_band=620-679
2010,3,2593,4,0.15426147319706904,4,2581,0.15497869043006587,fico_band=620-679
2010,4,2593,8,0.3085229463941381,4,2571,0.15558148580318942,fico_band=620-679
2010,5,2593,13,0.5013497878904744,5,2562,0.195160031225605,fico_band=620-679
2010,6,2593,16,0.6170458927882762,3,2541,0.1180637544273908,fico_band=620-679
2010,7,2593,17,0.6556112610875434,1,2520,0.03968253968253968,fico_band=620-679
2010,8,2593,21,0.8098727342846124,4,2514,0.15910898965791567,fico_band=620-679
2010,9,2593,27,1.041264944080216,6,2499,0.24009603841536614,fico_band=620-679
2010,10,2593,35,1.349787890474354,8,2488,0.3215434083601286,fico_band=620-679
2010,11,2593,35,1.349787890474354,0,2472,0.0,fico_band=620-679
2010,12,2593,40,1.5426147319706902,5,2462,0.20308692120227456,fico_band=620-679
2010,13,2593,43,1.658310836868492,3,2443,0.12279983626688498,fico_band=620-679
2010,14,2593,48,1.8511376783648283,5,2429,0.20584602717167558,fico_band=620-679
2010,15,2593,52,2.0053991515618974,4,2417,0.16549441456350847,fico_band=620-679
2010,16,2593,54,2.082529888160432,2,2404,0.08319467554076539,fico_band=620-679
2010,17,2593,58,2.236791361357501,4,2385,0.16771488469601678,fico_band=620-679
2010,18,2593,67,2.5838796760509064,9,2364,0.38071065989847713,fico_band=620-679
2010,19,2593,73,2.81527188584651,6,2335,0.2569593147751606,fico_band=620-679
2010,20,2593,75,2.8924026224450445,2,2308,0.08665511265164645,fico_band=620-679
2010,21,2593,78,3.0080987273428463,3,2278,0.13169446883230904,fico_band=620-679
2010,22,2593,80,3.0852294639413804,2,2252,0.08880994671403197,fico_band=620-679
2010,23,2593,88,3.3937524103355186,8,2231,0.35858359480053786,fico_band=620-679
2010,24,2593,95,3.6637099884303894,7,2192,0.3193430656934307,fico_band=620-679
2010,25,2593,97,3.740840725028924,2,2162,0.09250693802035152,fico_band=620-679
2010,26,2593,104,4.010798303123795,7,2128,0.32894736842105265,fico_band=620-679
2010,27,2593,110,4.242190512919398,6,2098,0.2859866539561487,fico_band=620-679
2010,28,2593,116,4.473582722715002,6,2067,0.29027576197387517,fico_band=620-679
2010,29,2593,118,4.5507134593135365,2,2034,0.09832841691248771,fico_band=620-679
2010,30,2593,124,4.78210566910914,6,2004,0.2994011976047904,fico_band=620-679
2010,31,2593,130,5.013497878904744,6,1972,0.30425963488843816,fico_band=620-679
2010,32,2593,134,5.167759352101813,4,1940,0.20618556701030927,fico_band=620-679
2010,33,2593,140,5.399151561897416,6,1914,0.31347962382445144,fico_band=620-679
2010,34,2593,144,5.5534130350944855,4,1888,0.211864406779661,fico_band=620-679
2010,35,2593,146,5.63054377169302,2,1861,0.10746910263299302,fico_band=620-679
2010,36,2593,146,5.63054377169302,0,1823,0.0,fico_band=620-679
2010,37,2593,149,5.746239876590821,3,1799,0.16675931072818231,fico_band=620-679
2010,38,2593,157,6.0547628229849595,8,1774,0.4509582863585118,fico_band=620-679
2010,39,2593,161,6.209024296182029,4,1749,0.22870211549456831,fico_band=620-679
2010,40,2593,163,6.286155032780563,2,1721,0.11621150493898896,fico_band=620-679
2010,41,2593,166,6.4018511376783644,3,1704,0.176056338028169,fico_band=620-679
2010,42,2593,168,6.478981874276899,2,1689,0.11841326228537596,fico_band=620-679
2010,43,2593,170,6.5561126108754335,2,1674,0.11947431302270012,fico_band=620-679
2010,44,2593,176,6.787504820671037,6,1653,0.3629764065335753,fico_band=620-679
2010,45,2593,178,6.864635557269572,2,1626,0.12300123001230012,fico_band=620-679
2010,46,2593,181,6.980331662167374,3,1612,0.18610421836228289,fico_band=620-679
2010,47,2593,181,6.980331662167374,0,1587,0.0,fico_band=620-679
2010,48,2593,186,7.17315850366371,5,1574,0.3176620076238882,fico_band=620-679
2010,49,2593,189,7.288854608561512,3,1551,0.19342359767891681,fico_band=620-679
2010,50,2593,194,7.481681450057848,5,1536,0.3255208333333333,fico_band=620-679
2010,51,2593,196,7.558812186656382,2,1515,0.132013201320132,fico_band=620-679
2010,52,2593,197,7.59737755495565,1,1501,0.06662225183211193,fico_band=620-679
2010,53,2593,198,7.635942923254917,1,1482,0.06747638326585695,fico_band=620-679
2010,54,2593,199,7.674508291554185,1,1462,0.06839945280437756,fico_band=620-679
2010,55,2593,199,7.674508291554185,0,1446,0.0,fico_band=620-679
2010,56,2593,201,7.751639028152719,2,1439,0.13898540653231412,fico_band=620-679
2010,57,2593,202,7.790204396451986,1,1415,0.0706713780918728,fico_band=620-679
2010,58,2593,204,7.867335133050521,2,1395,0.14336917562724014,fico_band=620-679
2010,59,2593,205,7.905900501349788,1,1377,0.07262164124909223,fico_band=620-679
2010,60,2593,207,7.983031237948323,2,1360,0.14705882352941177,fico_band=620-679
2012,1,2859,0,0.0,0,2859,0.0,fico_band=620-679
2012,2,2859,0,0.0,0,2859,0.0,fico_band=620-679
2012,3,2859,4,0.13990905911157747,4,2857,0.1400070003500175,fico_band=620-679
2012,4,2859,8,0.27981811822315494,4,2850,0.14035087719298245,fico_band=620-679
2012,5,2859,13,0.4547044421126268,5,2842,0.17593244194229415,fico_band=620-679
2012,6,2859,19,0.664568030779993,6,2832,0.211864406779661,fico_band=620-679
2012,7,2859,24,0.8394543546694648,5,2819,0.17736786094359702,fico_band=620-679
2012,8,2859,27,0.944386149003148,3,2806,0.10691375623663578,fico_band=620-679
2012,9,2859,29,1.0143406785589366,2,2788,0.07173601147776183,fico_band=620-679
2012,10,2859,33,1.154249737670514,4,2780,0.14388489208633093,fico_band=620-679
2012,11,2859,33,1.154249737670514,0,2769,0.0,fico_band=620-679
2012,12,2859,36,1.2591815320041972,3,2758,0.10877447425670776,fico_band=620-679
2012,13,2859,41,1.434067855893669,5,2746,0.1820830298616169,fico_band=620-679
2012,14,2859,46,1.608954179783141,5,2736,0.1827485380116959,fico_band=620-679
2012,15,2859,51,1.7838405036726128,5,2721,0.18375597206909225,fico_band=620-679
2012,16,2859,53,1.8537950332284014,2,2704,0.07396449704142012,fico_band=620-679
2012,17,2859,56,1.9587268275620846,3,2685,0.11173184357541899,fico_band=620-679
2012,18,2859,56,1.9587268275620846,0,2672,0.0,fico_band=620-679
2012,19,2859,58,2.0286813571178732,2,2663,0.07510326699211416,fico_band=620-679
2012,20,2859,63,2.2035676810073452,5,2652,0.1885369532428356,fico_band=620-679
2012,21,2859,65,2.273522210563134,2,2632,0.07598784194528875,fico_band=620-679
2012,22,2859,65,2.273522210563134,0,2617,0.0,fico_band=620-679
2012,23,2859,67,2.3434767401189225,2,2606,0.07674597083653108,fico_band=620-679
2012,24,2859,70,2.448408534452606,3,2588,0.11591962905718702,fico_band=620-679
2012,25,2859,72,2.5183630640083945,2,2572,0.07776049766718507,fico_band=620-679
2012,26,2859,74,2.588317593564183,2,2561,0.07809449433814916,fico_band=620-679
2012,27,2859,77,2.6932493878978665,3,2540,0.11811023622047244,fico_band=620-679
2012,28,2859,78,2.728226652675761,1,2524,0.039619651347068144,fico_band=620-679
2012,29,2859,80,2.7981811822315494,2,2511,0.07964954201513341,fico_band=620-679
2012,30,2859,82,2.868135711787338,2,2492,0.08025682182985554,fico_band=620-679
2012,31,2859,85,2.9730675061210214,3,2478,0.12106537530266344,fico_band=620-679
2012,32,2859,91,3.1829310947883878,6,2454,0.24449877750611246,fico_band=620-679
2012,33,2859,94,3.2878628891220707,3,2435,0.12320328542094455,fico_band=620-679
2012,34,2859,97,3.3927946834557536,3,2418,0.12406947890818859,fico_band=620-679
2012,35,2859,99,3.4627492130115427,2,2400,0.08333333333333333,fico_band=620-679
2012,36,2859,101,3.5327037425673313,2,2381,0.08399832003359933,fico_band=620-679
2012,37,2859,107,3.7425673312346976,6,2363,0.25391451544646637,fico_band=620-679
2012,38,2859,110,3.8474991255683806,3,2342,0.12809564474807855,fico_band=620-679
2012,39,2859,114,3.987408184679958,4,2327,0.17189514396218306,fico_band=620-679
2012,40,2859,117,4.092339979013641,3,2303,0.13026487190620928,fico_band=620-679
2012,41,2859,119,4.16229450856943,2,2289,0.08737439930100481,fico_band=620-679
2012,42,2859,122,4.267226302903113,3,2267,0.13233348037053375,fico_band=620-679
2012,43,2859,123,4.3022035676810075,1,2248,0.04448398576512456,fico_band=620-679
2012,44,2859,124,4.337180832458902,1,2231,0.04482294935006723,fico_band=620-679
2012,45,2859,127,4.442112626792585,3,2207,0.13593112822836428,fico_band=620-679
2012,46,2859,129,4.512067156348373,2,2180,0.09174311926605505,fico_band=620-679
2012,47,2859,130,4.547044421126268,1,2169,0.046104195481788846,fico_band=620-679
2012,48,2859,131,4.582021685904162,1,2144,0.04664179104477612,fico_band=620-679
2012,49,2859,132,4.616998950682056,1,2124,0.047080979284369114,fico_band=620-679
2012,50,2859,132,4.616998950682056,0,2105,0.0,fico_band=620-679
2012,51,2859,133,4.651976215459951,1,2085,0.047961630695443645,fico_band=620-679
2012,52,2859,136,4.7569080097936345,3,2064,0.14534883720930233,fico_band=620-679
2012,53,2859,138,4.826862539349423,2,2044,0.09784735812133072,fico_band=620-679
2012,54,2859,141,4.931794333683106,3,2018,0.14866204162537167,fico_band=620-679
2012,55,2859,143,5.001748863238895,2,1991,0.10045203415369161,fico_band=620-679
2012,56,2859,144,5.036726128016789,1,1976,0.05060728744939271,fico_band=620-679
2012,57,2859,146,5.106680657572578,2,1954,0.1023541453428864,fico_band=620-679
2012,58,2859,149,5.2116124519062605,3,1941,0.1545595054095827,fico_band=620-679
2012,59,2859,151,5.28156698146205,2,1927,0.10378827192527244,fico_band=620-679
2012,60,2859,151,5.28156698146205,0,1909,0.0,fico_band=620-679
2015,1,4160,0,0.0,0,4159,0.0,fico_band=620-679
2015,2,4160,1,0.02403846153846154,1,4159,0.024044241404183698,fico_band=620-679
2015,3,4160,5,0.1201923076923077,4,4151,0.0963623223319682,fico_band=620-679
2015,4,4160,7,0.16826923076923078,2,4140,0.04830917874396135,fico_band=620-679
2015,5,4160,12,0.28846153846153844,5,4121,0.12132977432661975,fico_band=620-679
2015,6,4160,18,0.4326923076923077,6,4097,0.1464486209421528,fico_band=620-679
2015,7,4160,23,0.5528846153846154,5,4072,0.12278978388998035,fico_band=620-679
2015,8,4160,24,0.5769230769230769,1,4031,0.024807740014884644,fico_band=620-679
2015,9,4160,30,0.7211538461538461,6,3999,0.15003750937734434,fico_band=620-679
2015,10,4160,32,0.7692307692307693,2,3954,0.05058168942842691,fico_band=620-679
2015,11,4160,38,0.9134615384615384,6,3909,0.15349194167306215,fico_band=620-679
2015,12,4160,41,0.9855769230769231,3,3861,0.0777000777000777,fico_band=620-679
2015,13,4160,42,1.0096153846153846,1,3820,0.02617801047120419,fico_band=620-679
2015,14,4160,47,1.1298076923076923,5,3781,0.1322401481089659,fico_band=620-679
2015,15,4160,50,1.2019230769230769,3,3743,0.08014961261020571,fico_band=620-679
2015,16,4160,54,1.2980769230769231,4,3692,0.10834236186348863,fico_band=620-679
2015,17,4160,61,1.4663461538461537,7,3642,0.19220208676551345,fico_band=620-679
2015,18,4160,67,1.6105769230769231,6,3596,0.1668520578420467,fico_band=620-679
2015,19,4160,70,1.6826923076923077,3,3556,0.0843644544431946,fico_band=620-679
2015,20,4160,76,1.8269230769230769,6,3502,0.17133066818960593,fico_band=620-679
2015,21,4160,77,1.8509615384615385,1,3460,0.028901734104046242,fico_band=620-679
2015,22,4160,82,1.9711538461538463,5,3424,0.14602803738317757,fico_band=620-679
2015,23,4160,89,2.139423076923077,7,3388,0.2066115702479339,fico_band=620-679
2015,24,4160,95,2.2836538461538463,6,3340,0.17964071856287425,fico_band=620-679
2015,25,4160,100,2.4038461538461537,5,3303,0.15137753557372086,fico_band=620-679
2015,26,4160,104,2.5,4,3262,0.12262415695892091,fico_band=620-679
2015,27,4160,111,2.668269230769231,7,3229,0.21678538247135337,fico_band=620-679
2015,28,4160,116,2.7884615384615383,5,3187,0.15688735487919675,fico_band=620-679
2015,29,4160,123,2.956730769230769,7,3141,0.22285896211397643,fico_band=620-679
2015,30,4160,127,3.0528846153846154,4,3091,0.12940795858945325,fico_band=620-679
2015,31,4160,129,3.1009615384615383,2,3058,0.06540222367560497,fico_band=620-679
2015,32,4160,130,3.125,1,3030,0.033003300330033,fico_band=620-679
2015,33,4160,132,3.173076923076923,2,3006,0.0665335994677312,fico_band=620-679
2015,34,4160,136,3.269230769230769,4,2975,0.13445378151260504,fico_band=620-679
2015,35,4160,139,3.3413461538461537,3,2941,0.10200612036722204,fico_band=620-679
2015,36,4160,142,3.4134615384615383,3,2915,0.10291595197255575,fico_band=620-679
2015,37,4160,146,3.5096153846153846,4,2886,0.1386001386001386,fico_band=620-679
2015,38,4160,151,3.6298076923076925,5,2860,0.17482517482517482,fico_band=620-679
2015,39,4160,153,3.6778846153846154,2,2832,0.07062146892655367,fico_band=620-679
2015,40,4160,158,3.798076923076923,5,2790,0.17921146953405018,fico_band=620-679
2015,41,4160,158,3.798076923076923,0,2759,0.0,fico_band=620-679
2015,42,4160,160,3.8461538461538463,2,2745,0.07285974499089254,fico_band=620-679
2015,43,4159,163,3.9192113488819427,3,2723,0.11017260374586853,fico_band=620-679
2015,44,4159,168,4.039432555902861,5,2691,0.18580453363062058,fico_band=620-679
2015,45,4158,170,4.088504088504089,2,2670,0.0749063670411985,fico_band=620-679
2015,46,4145,171,4.125452352231604,2,2636,0.07587253414264036,fico_band=620-679
2015,47,3741,152,4.063084736701417,2,2359,0.0847816871555744,fico_band=620-679
2015,48,3429,141,4.111986001749782,2,2157,0.0927213722763097,fico_band=620-679
2015,49,2964,121,4.082321187584346,1,1865,0.05361930294906166,fico_band=620-679
2015,50,2591,115,4.4384407564646855,4,1610,0.2484472049689441,fico_band=620-679
2015,51,2207,96,4.349796103307657,1,1365,0.07326007326007326,fico_band=620-679
2018,1,4604,0,0.0,0,4604,0.0,fico_band=620-679
2018,2,4603,0,0.0,0,4602,0.0,fico_band=620-679
2018,3,4603,1,0.021724961981316532,1,4597,0.021753317380900587,fico_band=620-679
2018,4,4602,1,0.0217296827466319,0,4581,0.0,fico_band=620-679
2018,5,4602,5,0.10864841373315949,4,4566,0.08760402978537013,fico_band=620-679
2018,6,4602,7,0.1521077792264233,2,4535,0.044101433296582136,fico_band=620-679
2018,7,4602,10,0.21729682746631898,3,4493,0.0667705319385711,fico_band=620-679
2018,8,4601,14,0.30428167789610955,4,4441,0.09006980409817608,fico_band=620-679
2018,9,4601,19,0.41295370571614864,5,4387,0.11397310234784591,fico_band=620-679
2018,10,4598,25,0.5437146585471945,6,4325,0.13872832369942195,fico_band=620-679
2018,11,4218,21,0.49786628733997157,1,3926,0.02547121752419766,fico_band=620-679
2018,12,3816,27,0.7075471698113207,7,3507,0.1996007984031936,fico_band=620-679
2018,13,3350,28,0.835820895522388,4,3045,0.13136288998357964,fico_band=620-679
2018,14,2995,32,1.0684474123539232,6,2683,0.22363026462914648,fico_band=620-679
2018,15,2573,24,0.9327633113097551,2,2271,0.08806693086745927,fico_band=620-679
2005,1,15823,6,0.037919484295013586,6,15811,0.03794826386692809,fico_band=680-739
2005,2,15823,11,0.06951905454085824,5,15762,0.0317218627077782,fico_band=680-739
2005,3,15823,24,0.15167793718005435,13,15708,0.08276037687802394,fico_band=680-739
2005,4,15823,50,0.31599570245844655,26,15620,0.16645326504481434,fico_band=680-739
2005,5,15823,66,0.41711432724514946,16,15509,0.10316590366883745,fico_band=680-739
2005,6,15823,81,0.5119130379826834,15,15396,0.09742790335151988,fico_band=680-739
2005,7,15823,98,0.6193515768185552,17,15289,0.11119105239060763,fico_band=680-739
2005,8,15823,113,0.7141502875560892,15,15170,0.09887936717205009,fico_band=680-739
2005,9,15823,128,0.8089489982936232,15,15069,0.09954210631096955,fico_band=680-739
2005,10,15823,139,0.8784680528344815,11,14957,0.07354415992511867,fico_band=680-739
2005,11,15823,151,0.9543070214245086,12,14832,0.08090614886731391,fico_band=680-739
2005,12,15823,160,1.011186247867029,9,14711,0.06117870980898647,fico_band=680-739
2005,13,15823,168,1.0617455602603805,8,14591,0.05482831882667398,fico_band=680-739
2005,14,15823,181,1.1439044428995766,13,14462,0.08989074816761167,fico_band=680-739
2005,15,15823,194,1.2260633255387727,13,14341,0.09064918764381842,fico_band=680-739
2005,16,15823,205,1.295582380079631,11,14208,0.07742117117117117,fico_band=680-739
2005,17,15823,212,1.3398217784238133,7,14086,0.04969473235837001,fico_band=680-739
2005,18,15823,222,1.4030209189155027,10,13957,0.07164863509350147,fico_band=680-739
2005,19,15823,236,1.4914997156038678,14,13824,0.10127314814814815,fico_band=680-739
2005,20,15823,252,1.5926183403905707,16,13695,0.11683096020445419,fico_band=680-739
2005,21,15823,274,1.7316564494722873,22,13568,0.16214622641509435,fico_band=680-739
2005,22,15823,287,1.8138153321114834,13,13430,0.0967982129560685,fico_band=680-739
2005,23,15823,302,1.9086140428490173,15,13305,0.11273957158962795,fico_band=680-739
2005,24,15823,309,1.9528534411931997,7,13190,0.05307050796057619,fico_band=680-739
2005,25,15823,315,1.9907729254882134,6,13081,0.045868052901154345,fico_band=680-739
2005,26,15823,325,2.053972065979903,10,12966,0.07712478790683326,fico_band=680-739
2005,27,15823,340,2.1487707767174364,15,12857,0.11666796297736641,fico_band=680-739
2005,28,15823,359,2.2688491436516465,19,12724,0.1493241119144923,fico_band=680-739
2005,29,15823,369,2.332048284143336,10,12609,0.07930843048616068,fico_band=680-739
2005,30,15823,379,2.395247424635025,10,12501,0.07999360051195904,fico_band=680-739
2005,31,15823,390,2.4647664791758834,11,12390,0.08878127522195318,fico_band=680-739
2005,32,15823,407,2.572205018011755,17,12306,0.1381439947992849,fico_band=680-739
2005,33,15823,424,2.6796435568476267,17,12200,0.13934426229508196,fico_band=680-739
2005,34,15823,436,2.755482525437654,12,12091,0.09924737407989413,fico_band=680-739
2005,35,15823,447,2.825001579978512,11,11983,0.09179671200867896,fico_band=680-739
2005,36,15823,462,2.9198002907160463,15,11888,0.12617765814266488,fico_band=680-739
2005,37,15823,483,3.052518485748594,21,11779,0.17828338568639104,fico_band=680-739
2005,38,15823,506,3.1978765088794794,23,11649,0.1974418405013306,fico_band=680-739
2005,39,15823,527,3.330594703912027,21,11512,0.18241834607366225,fico_band=680-739
2005,40,15823,554,3.501232383239588,27,11371,0.23744613490458183,fico_band=680-739
2005,41,15823,582,3.678189976616318,28,11241,0.24908815941642204,fico_band=680-739
2005,42,15823,609,3.848827655943879,27,11096,0.24333093006488823,fico_band=680-739
2005,43,15823,630,3.9815458509764268,21,10949,0.19179833774773952,fico_band=680-739
2005,44,15823,658,4.1585034443531566,28,10807,0.259091329693717,fico_band=680-739
2005,45,15823,688,4.348100865828225,30,10656,0.28153153153153154,fico_band=680-739
2005,46,15823,721,4.5566580294508,33,10494,0.31446540880503143,fico_band=680-739
2005,47,15823,745,4.7083359666308535,24,10337,0.23217567959756216,fico_band=680-739
2005,48,15823,772,4.878973645958415,27,10182,0.26517383618149676,fico_band=680-739
2005,49,15823,803,5.0748909814826515,31,10024,0.30925778132482046,fico_band=680-739
2005,50,15823,841,5.315047715351072,38,9861,0.3853564547206166,fico_band=680-739
2005,51,15823,874,5.523604878973646,33,9691,0.340522133938706,fico_band=680-739
2005,52,15823,905,5.719522214497883,31,9555,0.32443746729461015,fico_band=680-739
2005,53,15823,932,5.890159893825444,27,9426,0.2864417568427753,fico_band=680-739
2005,54,15823,958,6.054477659103836,26,9300,0.27956989247311825,fico_band=680-739
2005,55,15823,986,6.2314352524805665,28,9176,0.3051438535309503,fico_band=680-739
2005,56,15823,1010,6.38311318966062,24,9053,0.2651054898928532,fico_band=680-739
2005,57,15823,1035,6.541111040889844,25,8928,0.2800179211469534,fico_band=680-739
2005,58,15823,1055,6.667509321873222,20,8808,0.22706630336058128,fico_band=680-739
2005,59,15823,1080,6.825507173102446,25,8643,0.2892514173319449,fico_band=680-739
2005,60,15823,1108,7.002464766479176,28,8475,0.3303834808259587,fico_band=680-739
2006,1,15715,8,0.050906776964683424,7,15698,0.044591667728373044,fico_band=680-739
2006,2,15715,12,0.07636016544702513,4,15664,0.02553626149131767,fico_band=680-739
2006,3,15715,40,0.2545338848234171,28,15631,0.17913121361397225,fico_band=680-739
2006,4,15715,65,0.41361756283805284,25,15538,0.16089586819410479,fico_band=680-739
2006,5,15715,86,0.5472478523703468,21,15412,0.1362574617181417,fico_band=680-739
2006,6,15715,108,0.6872414890232262,22,15300,0.1437908496732026,fico_band=680-739
2006,7,15715,127,0.8081450843143494,19,15165,0.1252884932410155,fico_band=680-739
2006,8,15715,142,0.9035952911231308,15,15039,0.09974067424695791,fico_band=680-739
2006,9,15715,157,0.9990454979319122,15,14912,0.10059012875536481,fico_band=680-739
2006,10,15715,174,1.1072223989818644,17,14791,0.11493475762287877,fico_band=680-739
2006,11,15715,200,1.2726694241170855,26,14663,0.1773170565368615,fico_band=680-739
2006,12,15715,217,1.3808463251670378,17,14522,0.11706376532158105,fico_band=680-739
2006,13,15715,231,1.469933184855234,14,14387,0.09731007159240981,fico_band=680-739
2006,14,15715,247,1.5717467387846007,16,14250,0.11228070175438597,fico_band=680-739
2006,15,15715,273,1.7371937639198218,26,14096,0.1844494892167991,fico_band=680-739
2006,16,15715,293,1.8644607063315304,20,13919,0.14368848336805806,fico_band=680-739
2006,17,15715,314,1.9980909958638244,21,13749,0.1527383809731617,fico_band=680-739
2006,18,15715,338,2.1508113267578746,24,13563,0.17695200176952003,fico_band=680-739
2006,19,15715,360,2.290804963410754,22,13385,0.16436309301456856,fico_band=680-739
2006,20,15715,388,2.468978682787146,28,13211,0.21194459162818863,fico_band=680-739
2006,21,15715,422,2.685332484887051,34,13020,0.261136712749616,fico_band=680-739
2006,22,15715,449,2.857142857142857,27,12841,0.21026399813098667,fico_band=680-739
2006,23,15715,475,3.022589882278078,26,12678,0.20507966556239154,fico_band=680-739
2006,24,15715,501,3.1880369074132995,26,12503,0.2079500919779253,fico_band=680-739
2006,25,15715,536,3.4107540566337895,35,12359,0.2831944332065701,fico_band=680-739
2006,26,15715,566,3.601654470251352,30,12189,0.24612355402412012,fico_band=680-739
2006,27,15715,600,3.818008272351257,34,12014,0.2830031629765274,fico_band=680-739
2006,28,15715,647,4.117085587018772,47,11829,0.3973285992053428,fico_band=680-739
2006,29,15715,687,4.371619471842189,40,11615,0.34438226431338786,fico_band=680-739
2006,30,15715,714,4.543429844097996,27,11402,0.2368005613050342,fico_band=680-739
2006,31,15715,764,4.861597200127267,50,11168,0.4477077363896848,fico_band=680-739
2006,32,15715,812,5.167037861915367,48,10931,0.4391181044735157,fico_band=680-739
2006,33,15715,849,5.402481705377029,37,10713,0.34537477830673013,fico_band=680-739
2006,34,15715,902,5.739739102768056,53,10497,0.5049061636658093,fico_band=680-739
2006,35,15715,947,6.0260897231944,45,10237,0.4395819087623327,fico_band=680-739
2006,36,15715,998,6.350620426344257,51,10004,0.5097960815673731,fico_band=680-739
2006,37,15715,1053,6.700604517976456,55,9753,0.5639290474725726,fico_band=680-739
2006,38,15715,1102,7.0124085268851415,49,9524,0.5144897102057959,fico_band=680-739
2006,39,15715,1158,7.368755965637925,56,9299,0.6022152919668782,fico_band=680-739
2006,40,15715,1209,7.693286668787782,51,9063,0.5627275736511089,fico_band=680-739
2006,41,15715,1254,7.979637289214127,45,8839,0.5091073650865483,fico_band=680-739
2006,42,15715,1294,8.234171174037543,40,8664,0.4616805170821791,fico_band=680-739
2006,43,15715,1348,8.577791918549156,54,8476,0.6370929683813119,fico_band=680-739
2006,44,15715,1396,8.883232580337257,48,8269,0.580481315757649,fico_band=680-739
2006,45,15715,1440,9.163219853643016,44,8088,0.5440158259149357,fico_band=680-739
2006,46,15715,1479,9.411390391345847,39,7913,0.49285985087830153,fico_band=680-739
2006,47,15715,1521,9.678650970410436,42,7741,0.5425655600051673,fico_band=680-739
2006,48,15715,1548,9.850461342666243,27,7550,0.3576158940397351,fico_band=680-739
2006,49,15715,1592,10.130448615972002,44,7379,0.5962867597235397,fico_band=680-739
2006,50,15715,1612,10.25771555838371,20,7214,0.2772387025228722,fico_band=680-739
2006,51,15715,1645,10.46770601336303,33,7053,0.4678860059549128,fico_band=680-739
2006,52,15715,1677,10.671333121221762,32,6891,0.4643738209258453,fico_band=680-739
2006,53,15715,1698,10.804963410754057,21,6721,0.31245350394286564,fico_band=680-739
2006,54,15715,1729,11.002227171492205,31,6582,0.4709814646004254,fico_band=680-739
2006,55,15715,1747,11.116767419662743,18,6429,0.2799813345776948,fico_band=680-739
2006,56,15715,1777,11.307667833280306,30,6306,0.47573739295908657,fico_band=680-739
2006,57,15715,1801,11.460388164174356,24,6155,0.38992688870836717,fico_band=680-739
2006,58,15715,1828,11.632198536430161,27,6021,0.4484304932735426,fico_band=680-739
2006,59,15715,1858,11.823098950047726,30,5908,0.5077860528097495,fico_band=680-739
2006,60,15715,1884,11.988545975182946,26,5772,0.45045045045045046,fico_band=680-739
2007,1,15302,10,0.06535093451836362,9,15288,0.05886970172684458,fico_band=680-739
2007,2,15302,16,0.10456149522938178,6,15241,0.03936749557115675,fico_band=680-739
2007,3,15302,53,0.34635995294732713,37,15185,0.24366150806717154,fico_band=680-739
2007,4,15302,89,0.5816233172134362,36,15067,0.23893276697418198,fico_band=680-739
2007,5,15302,120,0.7842112142203633,31,14907,0.20795599382840277,fico_band=680-739
2007,6,15302,152,0.9933342046791269,32,14771,0.2166407149143592,fico_band=680-739
2007,7,15302,179,1.1697817278787086,27,14632,0.18452706396938218,fico_band=680-739
2007,8,15302,208,1.3592994379819632,29,14491,0.20012421503001862,fico_band=680-739
2007,9,15302,239,1.5618873349888904,31,14346,0.21608810818346577,fico_band=680-739
2007,10,15302,270,1.7644752319958175,31,14193,0.2184175297681956,fico_band=680-739
2007,11,15302,302,1.9735982224545812,32,14048,0.22779043280182232,fico_band=680-739
2007,12,15302,339,2.2153966801725264,37,13905,0.2660913340524991,fico_band=680-739
2007,13,15302,376,2.457195137890472,37,13751,0.2690713402661625,fico_band=680-739
2007,14,15302,418,2.731669062867599,42,13592,0.3090052972336669,fico_band=680-739
2007,15,15302,466,3.0453535485557444,48,13439,0.3571694322494233,fico_band=680-739
2007,16,15302,524,3.4243889687622535,58,13247,0.43783498150524647,fico_band=680-739
2007,17,15302,576,3.764213828257744,52,13008,0.3997539975399754,fico_band=680-739
2007,18,15302,628,4.104038687753235,52,12798,0.40631348648226284,fico_band=680-739
2007,19,15302,681,4.450398640700562,53,12565,0.4218066056506168,fico_band=680-739
2007,20,15302,740,4.835969154358907,59,12334,0.47835252148532514,fico_band=680-739
2007,21,15302,792,5.175794013854398,52,12086,0.4302498758894589,fico_band=680-739
2007,22,15302,854,5.580969807868253,62,11858,0.5228537696070163,fico_band=680-739
2007,23,15302,903,5.901189387008234,49,11608,0.4221226740179187,fico_band=680-739
2007,24,15302,973,6.358645928636779,70,11323,0.6182107215402278,fico_band=680-739
2007,25,15302,1052,6.874918311331852,79,11065,0.7139629462268414,fico_band=680-739
2007,26,15302,1105,7.221278264279179,53,10820,0.4898336414048059,fico_band=680-739
2007,27,15302,1164,7.6068487779375245,59,10581,0.557603251110481,fico_band=680-739
2007,28,15302,1219,7.966278917788524,55,10366,0.5305807447424271,fico_band=680-739
2007,29,15302,1289,8.42373545941707,70,10162,0.6888407793741389,fico_band=680-739
2007,30,15302,1339,8.750490132008888,50,9946,0.5027146591594611,fico_band=680-739
2007,31,15302,1387,9.064174617697033,48,9763,0.49165215609955953,fico_band=680-739
2007,32,15302,1449,9.469350411710888,62,9573,0.6476548626344928,fico_band=680-739
2007,33,15302,1503,9.822245458110052,54,9384,0.5754475703324808,fico_band=680-739
2007,34,15302,1550,10.12939485034636,47,9187,0.5115924676172853,fico_band=680-739
2007,35,15302,1591,10.39733368187165,41,8995,0.4558087826570317,fico_band=680-739
2007,36,15302,1637,10.697947980656123,46,8796,0.5229649840836744,fico_band=680-739
2007,37,15302,1685,11.011632466344269,48,8614,0.5572324123519852,fico_band=680-739
2007,38,15302,1724,11.266501110965887,39,8407,0.4638991316759843,fico_band=680-739
2007,39,15302,1761,11.508299568683832,37,8223,0.4499574364587134,fico_band=680-739
2007,40,15302,1815,11.861194615082995,54,8041,0.6715582638975252,fico_band=680-739
2007,41,15302,1857,12.135668540060124,42,7857,0.5345551737304315,fico_band=680-739
2007,42,15302,1897,12.397072278133578,40,7664,0.5219206680584552,fico_band=680-739
2007,43,15302,1927,12.593125081688669,30,7473,0.40144520272982737,fico_band=680-739
2007,44,15302,1962,12.821853352502941,35,7300,0.4794520547945205,fico_band=680-739
2007,45,15302,1995,13.03751143641354,33,7163,0.4607008236772302,fico_band=680-739
2007,46,15302,2027,13.246634426872305,32,6994,0.45753503002573637,fico_band=680-739
2007,47,15302,2060,13.462292510782904,33,6849,0.4818221638195357,fico_band=680-739
2007,48,15302,2097,13.70409096850085,37,6725,0.550185873605948,fico_band=680-739
2007,49,15302,2129,13.913213958959613,32,6589,0.48565791470632874,fico_band=680-739
2007,50,15302,2149,14.04391582799634,20,6460,0.30959752321981426,fico_band=680-739
2007,51,15302,2178,14.233433538099595,29,6342,0.45726900031535794,fico_band=680-739
2007,52,15302,2207,14.42295124820285,29,6199,0.46781738990159705,fico_band=680-739
2007,53,15302,2233,14.592863677950595,26,6078,0.4277722935176045,fico_band=680-739
2007,54,15302,2252,14.717030453535486,19,5937,0.32002694963786427,fico_band=680-739
2007,55,15302,2277,14.880407789831395,25,5797,0.43125754700707264,fico_band=680-739
2007,56,15302,2305,15.063390406482812,28,5657,0.4949619939897472,fico_band=680-739
2007,57,15302,2329,15.220232649326885,24,5509,0.43565075331276093,fico_band=680-739
2007,58,15302,2344,15.31825905110443,15,5370,0.27932960893854747,fico_band=680-739
2007,59,15302,2357,15.403215265978304,13,5217,0.2491853555683343,fico_band=680-739
2007,60,15302,2376,15.527382041563195,19,5068,0.3749013417521705,fico_band=680-739
2008,1,14569,3,0.020591667238657425,2,14552,0.013743815283122594,fico_band=680-739
2008,2,14569,7,0.04804722355686732,4,14508,0.027570995312930797,fico_band=680-739
2008,3,14569,39,0.2676916741025465,32,14424,0.2218524681087077,fico_band=680-739
2008,4,14569,69,0.47360834648912076,30,14288,0.20996640537513997,fico_band=680-739
2008,5,14569,100,0.6863889079552474,31,14109,0.2197179105535474,fico_band=680-739
2008,6,14569,124,0.8511222458645068,24,13867,0.17307276267397417,fico_band=680-739
2008,7,14569,146,1.0021278056146612,22,13650,0.16117216117216118,fico_band=680-739
2008,8,14569,173,1.1874528107625781,27,13445,0.20081814801041278,fico_band=680-739
2008,9,14569,207,1.4208250394673623,34,13205,0.25747822794396064,fico_band=680-739
2008,10,14569,248,1.7022444917290136,41,12978,0.3159192479580829,fico_band=680-739
2008,11,14569,290,1.9905278330702176,42,12726,0.33003300330033003,fico_band=680-739
2008,12,14569,325,2.2307639508545543,35,12474,0.28058361391694725,fico_band=680-739
2008,13,14569,360,2.4710000686388907,35,12232,0.28613472858077177,fico_band=680-739
2008,14,14569,412,2.8279223007756196,52,11964,0.43463724506853896,fico_band=680-739
2008,15,14569,463,3.1779806438327958,51,11728,0.4348567530695771,fico_band=680-739
2008,16,14569,499,3.425080650696685,36,11497,0.31312516308602245,fico_band=680-739
2008,17,14569,545,3.7408195483560984,46,11300,0.40707964601769914,fico_band=680-739
2008,18,14569,597,4.097741780492827,52,11097,0.46859511579706226,fico_band=680-739
2008,19,14569,625,4.2899306747202965,28,10875,0.2574712643678161,fico_band=680-739
2008,20,14569,666,4.571350126981948,41,10683,0.38378732565758683,fico_band=680-739
2008,21,14569,710,4.873361246482257,44,10454,0.42089152477520564,fico_band=680-739
2008,22,14569,751,5.154780698743909,41,10216,0.40133124510571655,fico_band=680-739
2008,23,14569,788,5.40874459468735,37,10007,0.3697411811731788,fico_band=680-739
2008,24,14569,819,5.621525156153477,31,9785,0.3168114460909555,fico_band=680-739
2008,25,14569,846,5.806850161301393,27,9539,0.2830485375825558,fico_band=680-739
2008,26,14569,879,6.033358500926625,33,9315,0.35426731078904994,fico_band=680-739
2008,27,14569,906,6.218683506074542,27,9125,0.2958904109589041,fico_band=680-739
2008,28,14569,931,6.390280733063354,25,8904,0.2807726864330638,fico_band=680-739
2008,29,14569,960,6.589333516370376,29,8699,0.3333716519140131,fico_band=680-739
2008,30,14569,979,6.719747408881872,19,8461,0.22455974471102708,fico_band=680-739
2008,31,14569,1004,6.891344635870684,25,8238,0.30347171643602816,fico_band=680-739
2008,32,14569,1024,7.028622417461734,20,8022,0.2493143854400399,fico_band=680-739
2008,33,14569,1043,7.159036309973231,19,7832,0.2425944841675179,fico_band=680-739
2008,34,14569,1064,7.303177980643833,21,7646,0.2746534135495684,fico_band=680-739
2008,35,14569,1093,7.5022307639508545,29,7482,0.3875968992248062,fico_band=680-739
2008,36,14569,1116,7.660100212780561,23,7326,0.313950313950314,fico_band=680-739
2008,37,14569,1143,7.8454252179284785,27,7201,0.3749479238994584,fico_band=680-739
2008,38,14569,1164,7.9895668885990805,21,7071,0.29698769622401355,fico_band=680-739
2008,39,14569,1192,8.18175578282655,28,6919,0.4046827576239341,fico_band=680-739
2008,40,14569,1218,8.360216898894913,26,6747,0.3853564547206166,fico_band=680-739
2008,41,14569,1241,8.518086347724621,23,6599,0.34853765722079105,fico_band=680-739
2008,42,14569,1271,8.724003020111194,30,6433,0.466345406497746,fico_band=680-739
2008,43,14569,1283,8.806369689065825,12,6267,0.19147917663954045,fico_band=680-739
2008,44,14569,1301,8.92991969249777,18,6103,0.2949369162706865,fico_band=680-739
2008,45,14569,1322,9.07406136316837,21,5929,0.3541912632821724,fico_band=680-739
2008,46,14569,1335,9.163291921202553,13,5730,0.2268760907504363,fico_band=680-739
2008,47,14569,1353,9.286841924634498,18,5556,0.32397408207343414,fico_band=680-739
2008,48,14569,1367,9.382936371748233,14,5368,0.2608047690014903,fico_band=680-739
2008,49,14569,1390,9.540805820577939,23,5181,0.4439297432928006,fico_band=680-739
2008,50,14569,1410,9.67808360216899,20,5004,0.3996802557953637,fico_band=680-739
2008,51,14569,1417,9.726130825725857,7,4828,0.14498757249378624,fico_band=680-739
2008,52,14569,1430,9.815361383760038,13,4675,0.27807486631016043,fico_band=680-739
2008,53,14569,1438,9.870272496396458,8,4515,0.17718715393134,fico_band=680-739
2008,54,14569,1445,9.918319719953326,7,4324,0.16188714153561518,fico_band=680-739
2008,55,14569,1459,10.014414167067061,14,4152,0.3371868978805395,fico_band=680-739
2008,56,14569,1470,10.089916946942138,11,3991,0.2756201453269857,fico_band=680-739
2008,57,14569,1482,10.172283615896767,12,3831,0.31323414252153486,fico_band=680-739
2008,58,14569,1486,10.199739172214978,4,3677,0.10878433505575197,fico_band=680-739
2008,59,14569,1496,10.268378063010502,10,3552,0.28153153153153154,fico_band=680-739
2008,60,14569,1505,10.330153064726474,9,3413,0.2636976267213595,fico_band=680-739
2010,1,11091,0,0.0,0,11087,0.0,fico_band=680-739
2010,2,11091,0,0.0,0,11076,0.0,fico_band=680-739
2010,3,11091,3,0.027048958615093318,3,11059,0.027127226693191064,fico_band=680-739
2010,4,11091,6,0.054097917230186636,3,11028,0.02720348204570185,fico_band=680-739
2010,5,11091,11,0.09917951492200884,5,10991,0.045491765990355745,fico_band=680-739
2010,6,11091,16,0.14426111261383104,5,10920,0.045787545787545784,fico_band=680-739
2010,7,11091,22,0.19835902984401768,6,10854,0.055279159756771695,fico_band=680-739
2010,8,11091,30,0.2704895861509332,8,10789,0.07414959681156734,fico_band=680-739
2010,9,11091,38,0.3426201424578487,8,10729,0.07456426507596234,fico_band=680-739
2010,10,11091,41,0.36966910107294204,3,10655,0.028155795401220086,fico_band=680-739
2010,11,11091,47,0.4237670183031287,6,10586,0.05667863215567731,fico_band=680-739
2010,12,11091,57,0.513930213686773,10,10521,0.095047999239616,fico_band=680-739
2010,13,11091,64,0.5770444504553242,7,10450,0.06698564593301436,fico_band=680-739
2010,14,11091,71,0.6401586872238753,7,10378,0.06745037579495086,fico_band=680-739
2010,15,11091,80,0.7213055630691552,9,10280,0.08754863813229571,fico_band=680-739
2010,16,11091,86,0.7754034802993418,6,10182,0.05892751915144372,fico_band=680-739
2010,17,11091,89,0.8024524389144351,3,10088,0.02973830293417922,fico_band=680-739
2010,18,11091,100,0.901631953836444,11,9978,0.1102425335738625,fico_band=680-739
2010,19,11091,109,0.9827788296817239,9,9849,0.09137983551629607,fico_band=680-739
2010,20,11091,117,1.0549093859886394,8,9718,0.08232146532208273,fico_band=680-739
2010,21,11091,129,1.1631052204490127,12,9591,0.12511729746637473,fico_band=680-739
2010,22,11091,137,1.2352357767559283,8,9457,0.08459342286137253,fico_band=680-739
2010,23,11091,144,1.2983500135244792,7,9323,0.07508312774857878,fico_band=680-739
2010,24,11091,150,1.352447930754666,6,9158,0.06551648831622625,fico_band=680-739
2010,25,11091,157,1.415562167523217,7,9000,0.07777777777777778,fico_band=680-739
2010,26,11091,164,1.4786764042917682,7,8852,0.07907817442385902,fico_band=680-739
2010,27,11091,173,1.559823280137048,9,8663,0.10389010735311092,fico_band=680-739
2010,28,11091,182,1.640970155982328,9,8498,0.10590727229936456,fico_band=680-739
2010,29,11091,189,1.704084392750879,7,8329,0.08404370272541721,fico_band=680-739
2010,30,11091,198,1.785231268596159,9,8167,0.11019958369046161,fico_band=680-739
2010,31,11091,206,1.8573618249030746,8,8005,0.09993753903810118,fico_band=680-739
2010,32,11091,210,1.8934271030565324,4,7854,0.05092946269416858,fico_band=680-739
2010,33,11091,218,1.9655576593634478,8,7714,0.10370754472387866,fico_band=680-739
2010,34,11091,224,2.0196555765936344,6,7570,0.07926023778071334,fico_band=680-739
2010,35,11091,230,2.073753493823821,6,7421,0.08085163724565422,fico_band=680-739
2010,36,11091,233,2.1008024524389146,3,7274,0.04124278251306021,fico_band=680-739
2010,37,11091,236,2.127851411054008,3,7145,0.04198740377886634,fico_band=680-739
2010,38,11091,241,2.17293300874583,5,7034,0.0710833096388968,fico_band=680-739
2010,39,11091,243,2.190965647822559,2,6917,0.028914269191846177,fico_band=680-739
2010,40,11091,250,2.25407988459111,7,6823,0.10259416678880258,fico_band=680-739
2010,41,11091,256,2.3081778018212966,6,6720,0.08928571428571429,fico_band=680-739
2010,42,11091,260,2.3442430799747545,4,6642,0.06022282445046673,fico_band=680-739
2010,43,11091,265,2.3893246776665764,5,6565,0.07616146230007616,fico_band=680-739
2010,44,11091,266,2.398340997204941,1,6494,0.015398829688943641,fico_band=680-739
2010,45,11091,268,2.4163736362816697,2,6418,0.031162355874104083,fico_band=680-739
2010,46,11091,271,2.443422594896763,3,6342,0.04730368968779565,fico_band=680-739
2010,47,11091,273,2.461455233973492,2,6279,0.03185220576524924,fico_band=680-739
2010,48,11091,282,2.542602109818772,9,6215,0.14481094127111827,fico_band=680-739
2010,49,11091,287,2.5876837075105943,5,6143,0.08139345596614032,fico_band=680-739
2010,50,11091,290,2.6147326661256876,3,6075,0.04938271604938271,fico_band=680-739
2010,51,11091,295,2.6598142638175095,5,6002,0.08330556481172942,fico_band=680-739
2010,52,11091,297,2.6778469028942387,2,5921,0.03377807802736024,fico_band=680-739
2010,53,11091,301,2.7139121810476965,4,5846,0.06842285323297982,fico_band=680-739
2010,54,11091,303,2.731944820124425,2,5787,0.03456022118541559,fico_band=680-739
2010,55,11091,308,2.7770264178162476,5,5708,0.08759635599159075,fico_band=680-739
2010,56,11091,312,2.813091695969705,4,5618,0.0711997152011392,fico_band=680-739
2010,57,11091,314,2.831124335046434,2,5532,0.036153289949385395,fico_band=680-739
2010,58,11091,320,2.8852222522766207,6,5457,0.10995052226498075,fico_band=680-739
2010,59,11091,325,2.930303849968443,5,5376,0.09300595238095238,fico_band=680-739
2010,60,11091,328,2.9573528085835363,3,5286,0.056753688989784334,fico_band=680-739
2012,1,10615,0,0.0,0,10614,0.0,fico_band=680-739
2012,2,10615,2,0.018841262364578427,2,10608,0.01885369532428356,fico_band=680-739
2012,3,10615,9,0.08478568064060292,7,10594,0.06607513686992637,fico_band=680-739
2012,4,10615,16,0.15073009891662742,7,10573,0.06620637472808096,fico_band=680-739
2012,5,10615,20,0.18841262364578426,4,10534,0.03797228023542814,fico_band=680-739
2012,6,10615,25,0.23551577955723033,5,10484,0.04769172071728348,fico_band=680-739
2012,7,10615,33,0.31088082901554404,8,10427,0.07672388990121799,fico_band=680-739
2012,8,10615,39,0.3674046161092793,6,10373,0.05784247565795816,fico_band=680-739
2012,9,10615,47,0.442769665567593,8,10308,0.07760962359332557,fico_band=680-739
2012,10,10615,51,0.4804521902967499,4,10245,0.03904343582235237,fico_band=680-739
2012,11,10615,54,0.5087140838436175,3,10196,0.029423303256178895,fico_band=680-739
2012,12,10615,55,0.5181347150259067,1,10152,0.009850275807722617,fico_band=680-739
2012,13,10615,65,0.6123410268487989,10,10115,0.09886307464162135,fico_band=680-739
2012,14,10615,72,0.6782854451248234,7,10049,0.06965867250472683,fico_band=680-739
2012,15,10615,74,0.6971267074894018,2,10002,0.01999600079984003,fico_band=680-739
2012,16,10615,82,0.7724917569477155,8,9955,0.0803616273229533,fico_band=680-739
2012,17,10615,88,0.8290155440414507,6,9918,0.060496067755595885,fico_band=680-739
2012,18,10615,94,0.885539331135186,6,9876,0.060753341433778855,fico_band=680-739
2012,19,10615,100,0.9420631182289213,6,9835,0.061006609049313675,fico_band=680-739
2012,20,10615,104,0.9797456429580782,4,9788,0.04086636697997548,fico_band=680-739
2012,21,10615,111,1.0456900612341027,7,9744,0.07183908045977011,fico_band=680-739
2012,22,10615,113,1.064531323598681,2,9696,0.020627062706270627,fico_band=680-739
2012,23,10615,119,1.1210551106924165,6,9655,0.06214396685655101,fico_band=680-739
2012,24,10615,120,1.1304757418747056,1,9601,0.010415581710238517,fico_band=680-739
2012,25,10615,122,1.149317004239284,2,9550,0.020942408376963352,fico_band=680-739
2012,26,10615,124,1.1681582666038623,2,9504,0.021043771043771045,fico_band=680-739
2012,27,10615,131,1.234102684879887,7,9451,0.07406623637710295,fico_band=680-739
2012,28,10615,136,1.281205840791333,5,9388,0.05325948018747337,fico_band=680-739
2012,29,10615,142,1.3377296278850683,6,9313,0.06442607108343176,fico_band=680-739
2012,30,10615,146,1.3754121526142251,4,9251,0.04323856880337261,fico_band=680-739
2012,31,10615,149,1.4036740461610928,3,9194,0.03262997607135088,fico_band=680-739
2012,32,10615,150,1.413094677343382,1,9122,0.010962508221881167,fico_band=680-739
2012,33,10615,154,1.450777202072539,4,9063,0.04413549597263599,fico_band=680-739
2012,34,10615,158,1.4884597268016957,4,8998,0.04445432318292954,fico_band=680-739
2012,35,10615,159,1.497880357983985,1,8920,0.011210762331838564,fico_band=680-739
2012,36,10615,164,1.544983513895431,5,8840,0.05656108597285068,fico_band=680-739
2012,37,10615,168,1.5826660386245879,4,8766,0.04563084645220169,fico_band=680-739
2012,38,10615,173,1.629769194536034,5,8705,0.05743825387708214,fico_band=680-739
2012,39,10615,175,1.6486104569006124,2,8636,0.02315886984715146,fico_band=680-739
2012,40,10615,179,1.6862929816297691,4,8568,0.04668534080298786,fico_band=680-739
2012,41,10615,184,1.7333961375412152,5,8491,0.05888587916617595,fico_band=680-739
2012,42,10615,188,1.771078662270372,4,8409,0.047568081817100726,fico_band=680-739
2012,43,10615,194,1.8276024493641074,6,8327,0.07205476161883032,fico_band=680-739
2012,44,10615,196,1.8464437117286858,2,8242,0.02426595486532395,fico_band=680-739
2012,45,10615,198,1.8652849740932642,2,8155,0.024524831391784182,fico_band=680-739
2012,46,10615,200,1.8841262364578426,2,8067,0.024792363951902815,fico_band=680-739
2012,47,10615,205,1.9312293923692887,5,7978,0.06267234895963901,fico_band=680-739
2012,48,10615,210,1.9783325482807348,5,7901,0.06328312871788382,fico_band=680-739
2012,49,10615,211,1.987753179463024,1,7815,0.012795905310300703,fico_band=680-739
2012,50,10615,216,2.03485633537447,5,7723,0.06474168069403081,fico_band=680-739
2012,51,10615,217,2.0442769665567595,1,7624,0.013116474291710388,fico_band=680-739
2012,52,10615,223,2.1008007536504945,6,7537,0.0796072707973995,fico_band=680-739
2012,53,10615,227,2.1384832783796512,4,7452,0.05367686527106817,fico_band=680-739
2012,54,10615,228,2.1479039095619408,1,7370,0.013568521031207599,fico_band=680-739
2012,55,10615,231,2.1761658031088085,3,7294,0.04112969564025226,fico_band=680-739
2012,56,10615,233,2.1950070654733866,2,7221,0.02769699487605595,fico_band=680-739
2012,57,10615,238,2.242110221384833,5,7137,0.07005744710662744,fico_band=680-739
2012,58,10615,240,2.260951483749411,2,7058,0.028336639274582034,fico_band=680-739
2012,59,10615,243,2.289213377296279,3,6986,0.0429430289149728,fico_band=680-739
2012,60,10615,250,2.3551577955723033,7,6929,0.10102467888584211,fico_band=680-739
2015,1,14131,1,0.007076640011322624,1,14130,0.007077140835102618,fico_band=680-739
2015,2,14131,1,0.007076640011322624,0,14117,0.0,fico_band=680-739
2015,3,14131,6,0.042459840067935746,5,14097,0.03546853940554728,fico_band=680-739
2015,4,14131,7,0.04953648007925837,1,14061,0.007111869710546902,fico_band=680-739
2015,5,14131,9,0.06368976010190362,2,14021,0.014264317809000785,fico_band=680-739
2015,6,14131,11,0.07784304012454886,2,13951,0.014335889900365566,fico_band=680-739
2015,7,14131,15,0.10614960016983936,4,13881,0.02881636769685181,fico_band=680-739
2015,8,14131,16,0.11322624018116198,1,13781,0.007256367462448298,fico_band=680-739
2015,9,14131,19,0.13445616021512985,3,13672,0.021942656524283205,fico_band=680-739
2015,10,14131,22,0.15568608024909772,3,13577,0.022096192089563232,fico_band=680-739
2015,11,14131,28,0.19814592031703349,6,13451,0.04460634897033678,fico_band=680-739
2015,12,14131,31,0.21937584035100136,3,13334,0.02249887505624719,fico_band=680-739
2015,13,14131,35,0.24768240039629183,4,13201,0.030300734792818727,fico_band=680-739
2015,14,14131,39,0.27598896044158233,4,13055,0.030639601685178094,fico_band=680-739
2015,15,14131,47,0.33260208053216334,8,12913,0.06195307054905909,fico_band=680-739
2015,16,14131,51,0.3609086405774538,4,12778,0.03130380341211457,fico_band=680-739
2015,17,14131,57,0.40336848064538955,6,12653,0.04741958428831107,fico_band=680-739
2015,18,14131,61,0.4316750406906801,4,12542,0.03189284005740711,fico_band=680-739
2015,19,14131,64,0.4529049607246479,3,12407,0.024179898444426532,fico_band=680-739
2015,20,14131,68,0.48121152076993845,4,12297,0.032528258924941045,fico_band=680-739
2015,21,14131,68,0.48121152076993845,0,12191,0.0,fico_band=680-739
2015,22,14131,76,0.5378246408605194,8,12067,0.06629651114610094,fico_band=680-739
2015,23,14131,85,0.601514400962423,9,11963,0.07523196522611385,fico_band=680-739
2015,24,14131,95,0.6722808010756492,10,11822,0.08458805616646929,fico_band=680-739
2015,25,14131,98,0.6935107211096172,3,11706,0.025627883136852898,fico_band=680-739
2015,26,14131,110,0.7784304012454887,12,11575,0.10367170626349892,fico_band=680-739
2015,27,14131,115,0.8138136013021018,5,11454,0.04365287235900122,fico_band=680-739
2015,28,14131,119,0.8421201613473922,4,11332,0.03529827038475115,fico_band=680-739
2015,29,14131,126,0.8916566414266506,7,11225,0.062360801781737196,fico_band=680-739
2015,30,14131,135,0.9553464015285542,9,11108,0.08102268635217862,fico_band=680-739
2015,31,14131,144,1.019036161630458,9,10982,0.08195228555818612,fico_band=680-739
2015,32,14131,153,1.0827259217323615,9,10862,0.08285766893758055,fico_band=680-739
2015,33,14131,156,1.1039558417663293,3,10760,0.027881040892193308,fico_band=680-739
2015,34,14131,162,1.146415681834265,6,10651,0.05633273870998028,fico_band=680-739
2015,35,14131,170,1.203028801924846,8,10549,0.07583657218693715,fico_band=680-739
2015,36,14131,177,1.2525652820041044,7,10450,0.06698564593301436,fico_band=680-739
2015,37,14130,186,1.316348195329087,9,10354,0.08692292833687464,fico_band=680-739
2015,38,14129,187,1.3235190034680444,1,10262,0.009744689144416294,fico_band=680-739
2015,39,14128,191,1.351925254813137,4,10180,0.03929273084479371,fico_band=680-739
2015,40,14125,196,1.3876106194690265,5,10080,0.0496031746031746,fico_band=680-739
2015,41,14124,200,1.416029453412631,4,10009,0.03996403237086622,fico_band=680-739
2015,42,14123,204,1.4444523118317638,4,9912,0.04035512510088781,fico_band=680-739
2015,43,14122,205,1.4516357456450928,1,9826,0.01017708121310808,fico_band=680-739
2015,44,14119,212,1.5015227707344714,7,9737,0.07189072609633357,fico_band=680-739
2015,45,14117,215,1.522986470213218,3,9647,0.03109775059604022,fico_band=680-739
2015,46,14075,218,1.5488454706927175,3,9523,0.03150267772760685,fico_band=680-739
2015,47,12775,191,1.4951076320939334,3,8552,0.035079513564078575,fico_band=680-739
2015,48,11608,169,1.4558924879393522,1,7697,0.012992074834351046,fico_band=680-739
2015,49,10291,158,1.535322126129628,6,6764,0.08870490833826139,fico_band=680-739
2015,50,9109,145,1.5918322538149083,1,5940,0.016835016835016835,fico_band=680-739
2015,51,7921,124,1.565458906703699,0,5126,0.0,fico_band=680-739
2018,1,15831,0,0.0,0,15824,0.0,fico_band=680-739
2018,2,15829,0,0.0,0,15809,0.0,fico_band=680-739
2018,3,15828,0,0.0,0,15785,0.0,fico_band=680-739
2018,4,15826,1,0.006318716036901302,1,15749,0.00634960949901581,fico_band=680-739
2018,5,15826,4,0.025274864147605207,3,15694,0.019115585574104754,fico_band=680-739
2018,6,15824,8,0.05055611729019211,4,15619,0.025609834176323707,fico_band=680-739
2018,7,15821,9,0.056886416787813664,1,15481,0.006459531038046638,fico_band=680-739
2018,8,15821,16,0.10113140762277985,7,15319,0.04569488870030681,fico_band=680-739
2018,9,15821,19,0.12009354655205107,3,15151,0.01980067322288958,fico_band=680-739
2018,10,15801,24,0.15188912094171256,5,14928,0.0334941050375134,fico_band=680-739
2018,11,14638,25,0.1707883590654461,4,13731,0.02913116306168524,fico_band=680-739
2018,12,13334,32,0.23998800059997,7,12450,0.05622489959839357,fico_band=680-739
2018,13,11907,38,0.3191400016796842,10,11007,0.09085127646043427,fico_band=680-739
2018,14,10685,40,0.37435657463734207,6,9754,0.061513225343448844,fico_band=680-739
2018,15,9290,37,0.3982777179763186,2,8413,0.023772732675621064,fico_band=680-739
2018,16,7979,42,0.5263817520992605,9,7190,0.12517385257301808,fico_band=680-739
2005,1,22635,2,0.008835873647006848,2,22612,0.00884486113568017,fico_band=740+
2005,2,22635,5,0.02208968411751712,3,22549,0.013304359395095127,fico_band=740+
2005,3,22635,14,0.061851115529047936,9,22479,0.04003736821032964,fico_band=740+
2005,4,22635,24,0.10603048376408217,10,22400,0.044642857142857144,fico_band=740+
2005,5,22635,30,0.13253810470510272,6,22290,0.026917900403768506,fico_band=740+
2005,6,22635,38,0.1678815992931301,8,22196,0.03604253018561903,fico_band=740+
2005,7,22635,49,0.21647890435166778,11,22096,0.049782766111513395,fico_band=740+
2005,8,22635,53,0.23415065164568147,4,21991,0.018189259242417353,fico_band=740+
2005,9,22635,56,0.24740446211619174,3,21896,0.01370113262696383,fico_band=740+
2005,10,22635,68,0.3004197039982328,12,21793,0.055063552516863214,fico_band=740+
2005,11,22635,71,0.3136735144687431,3,21688,0.01383253412025083,fico_band=740+
2005,12,22635,73,0.3225093881157499,2,21573,0.00927084781903305,fico_band=740+
2005,13,22635,78,0.3445990722332671,5,21456,0.02330350484712901,fico_band=740+
2005,14,22635,78,0.3445990722332671,0,21333,0.0,fico_band=740+
2005,15,22635,79,0.34901700905677047,1,21211,0.004714534911131017,fico_band=740+
2005,16,22635,90,0.3976143141153082,11,21087,0.05216484089723526,fico_band=740+
2005,17,22635,94,0.41528606140932184,4,20942,0.019100372457262916,fico_band=740+
2005,18,22635,99,0.43737574552683894,5,20825,0.024009603841536616,fico_band=740+
2005,19,22635,101,0.44621161917384583,2,20694,0.009664637092877163,fico_band=740+
2005,20,22635,105,0.4638833664678595,4,20557,0.019458092134066254,fico_band=740+
2005,21,22635,111,0.49039098740888004,6,20424,0.02937720329024677,fico_band=740+
2005,22,22635,115,0.5080627347028938,4,20300,0.019704433497536946,fico_band=740+
2005,23,22635,120,0.5301524188204109,5,20184,0.02477209671026556,fico_band=740+
2005,24,22635,124,0.5478241661144245,4,20040,0.01996007984031936,fico_band=740+
2005,25,22635,129,0.5699138502319416,5,19893,0.025134469411350727,fico_band=740+
2005,26,22635,132,0.583167660702452,3,19740,0.015197568389057751,fico_band=740+
2005,27,22635,138,0.6096752816434725,6,19596,0.03061849357011635,fico_band=740+
2005,28,22635,147,0.6494367130550033,9,19446,0.046282011724776306,fico_band=740+
2005,29,22635,151,0.667108460349017,4,19314,0.020710365537951744,fico_band=740+
2005,30,22635,160,0.7068698917605478,9,19163,0.04696550644471116,fico_band=740+
2005,31,22635,163,0.7201237022310581,3,19002,0.015787811809283233,fico_band=740+
2005,32,22635,168,0.7422133863485753,5,18890,0.026469031233456855,fico_band=740+
2005,33,22635,175,0.7731389441130991,7,18769,0.03729554051894081,fico_band=740+
2005,34,22635,179,0.7908106914071129,4,18646,0.021452322213879653,fico_band=740+
2005,35,22635,185,0.8173183123481335,6,18526,0.032386915686062834,fico_band=740+
2005,36,22635,195,0.8614976805831677,10,18403,0.054338966472857686,fico_band=740+
2005,37,22635,206,0.9100949856417053,11,18236,0.06032024566790963,fico_band=740+
2005,38,22635,213,0.9410205434062293,7,18079,0.03871895569445213,fico_band=740+
2005,39,22635,222,0.9807819748177601,9,17875,0.05034965034965035,fico_band=740+
2005,40,22635,238,1.0514689639938148,16,17688,0.09045680687471733,fico_band=740+
2005,41,22635,248,1.095648332228849,10,17449,0.05730987449137486,fico_band=740+
2005,42,22635,260,1.1486635741108902,12,17204,0.06975122064636131,fico_band=740+
2005,43,22635,269,1.188425005522421,9,16938,0.053134962805526036,fico_band=740+
2005,44,22635,280,1.2370223105809588,11,16661,0.06602244763219495,fico_band=740+
2005,45,22635,292,1.2900375524629997,12,16397,0.07318411904616698,fico_band=740+
2005,46,22635,308,1.3607245416390545,16,16124,0.09923096005953858,fico_band=740+
2005,47,22635,318,1.4049039098740888,10,15866,0.06302785831337451,fico_band=740+
2005,48,22635,339,1.4976805831676607,21,15554,0.135013501350135,fico_band=740+
2005,49,22635,352,1.5551137618732052,13,15257,0.08520679032575211,fico_band=740+
2005,50,22635,365,1.6125469405787498,13,15025,0.08652246256239601,fico_band=740+
2005,51,22635,386,1.7053236138723216,21,14780,0.14208389715832206,fico_band=740+
2005,52,22635,398,1.7583388557543627,12,14524,0.08262186725419994,fico_band=740+
2005,53,22635,416,1.8378617185774244,18,14312,0.1257685858021241,fico_band=740+
2005,54,22635,441,1.94831013916501,25,14095,0.17736786094359702,fico_band=740+
2005,55,22635,461,2.0366688756350784,20,13862,0.14427932477276006,fico_band=740+
2005,56,22635,486,2.147117296222664,25,13638,0.18331133597301658,fico_band=740+
2005,57,22635,507,2.239893969516236,21,13387,0.15686860386942555,fico_band=740+
2005,58,22635,519,2.292909211398277,12,13155,0.09122006841505131,fico_band=740+
2005,59,22635,530,2.3415065164568145,11,12918,0.08515250038705682,fico_band=740+
2005,60,22635,547,2.416611442456373,17,12653,0.13435548881688136,fico_band=740+
2006,1,22042,2,0.009073586788857635,2,22028,0.009079353550027237,fico_band=740+
2006,2,22042,2,0.009073586788857635,0,21969,0.0,fico_band=740+
2006,3,22042,12,0.054441520733145815,10,21889,0.045685047284023936,fico_band=740+
2006,4,22042,21,0.09527266128300517,9,21741,0.04139643990616807,fico_band=740+
2006,5,22042,27,0.12249342164957808,6,21582,0.027800945232137893,fico_band=740+
2006,6,22042,43,0.19508211596043917,16,21448,0.07459903021260723,fico_band=740+
2006,7,22042,52,0.2359132565102985,9,21283,0.042287271531269086,fico_band=740+
2006,8,22042,61,0.27674439706015785,9,21152,0.04254916792738275,fico_band=740+
2006,9,22042,66,0.29942836403230194,5,20986,0.023825407414466787,fico_band=740+
2006,10,22042,71,0.3221123310044461,5,20853,0.023977365367093464,fico_band=740+
2006,11,22042,80,0.3629434715543054,9,20711,0.04345516875090532,fico_band=740+
2006,12,22042,86,0.39016423192087835,6,20575,0.02916160388821385,fico_band=740+
2006,13,22042,95,0.43099537247073766,9,20422,0.044070120458329254,fico_band=740+
2006,14,22042,104,0.471826513020597,9,20251,0.044442249765443684,fico_band=740+
2006,15,22042,112,0.5081208601760275,8,20062,0.03987638321204267,fico_band=740+
2006,16,22042,118,0.5353416205426005,6,19848,0.030229746070133012,fico_band=740+
2006,17,22042,125,0.5670991743036022,7,19632,0.0356560717196414,fico_band=740+
2006,18,22042,135,0.6124671082478904,10,19385,0.05158627805003869,fico_band=740+
2006,19,22042,145,0.6578350421921786,10,19116,0.052312199204854574,fico_band=740+
2006,20,22042,153,0.6941293893476091,8,18836,0.042471862391165856,fico_band=740+
2006,21,22042,163,0.7394973232918973,10,18582,0.05381552039608223,fico_band=740+
2006,22,22042,175,0.7939388440250431,12,18333,0.06545573555882835,fico_band=740+
2006,23,22042,187,0.8483803647581889,12,18114,0.06624710168930109,fico_band=740+
2006,24,22042,195,0.8846747119136195,8,17904,0.044682752457551385,fico_band=740+
2006,25,22042,207,0.9391162326467652,12,17674,0.06789634491343216,fico_band=740+
2006,26,22042,224,1.016241720352055,17,17442,0.09746588693957114,fico_band=740+
2006,27,22042,236,1.070683241085201,12,17173,0.0698771327083212,fico_band=740+
2006,28,22042,249,1.1296615552127756,13,16887,0.07698229407236336,fico_band=740+
2006,29,22042,263,1.193176662734779,14,16525,0.08472012102874432,fico_band=740+
2006,30,22042,281,1.2748389438344978,18,16125,0.11162790697674418,fico_band=740+
2006,31,22042,297,1.347427638145359,16,15713,0.10182651307834277,fico_band=740+
2006,32,22042,314,1.4245531258506487,17,15315,0.1110022853411688,fico_band=740+
2006,33,22042,329,1.492605026767081,15,14888,0.10075228371843095,fico_band=740+
2006,34,22042,349,1.5833408946556573,20,14467,0.13824566254233772,fico_band=740+
2006,35,22042,378,1.714907903094093,29,14006,0.20705411966300158,fico_band=740+
2006,36,22042,404,1.8328645313492424,26,13548,0.19191024505462062,fico_band=740+
2006,37,22042,428,1.941747572815534,24,13115,0.18299656881433474,fico_band=740+
2006,38,22042,449,2.0370202340985393,21,12701,0.16534131170773955,fico_band=740+
2006,39,22042,470,2.1322928953815445,21,12356,0.1699579151829071,fico_band=740+
2006,40,22042,498,2.259323110425551,28,12053,0.23230730938355595,fico_band=740+
2006,41,22042,525,2.3818165320751294,27,11747,0.22984591810675065,fico_band=740+
2006,42,22042,545,2.4725523999637056,20,11469,0.1743831197140117,fico_band=740+
2006,43,22042,581,2.635876962163143,36,11235,0.3204272363150868,fico_band=740+
2006,44,22042,604,2.7402232102350057,23,10964,0.20977745348412988,fico_band=740+
2006,45,22042,622,2.8218854913347244,18,10698,0.16825574873808188,fico_band=740+
2006,46,22042,648,2.939842119589874,26,10462,0.24851844771554196,fico_band=740+
2006,47,22042,665,3.0169676072951637,17,10189,0.16684659927372658,fico_band=740+
2006,48,22042,685,3.1077034751837402,20,9893,0.20216314565854646,fico_band=740+
2006,49,22042,710,3.2211233100444607,25,9611,0.2601186140880241,fico_band=740+
2006,50,22042,731,3.3163959713274656,21,9345,0.2247191011235955,fico_band=740+
2006,51,22042,758,3.438889392977044,27,9104,0.29657293497363796,fico_band=740+
2006,52,22042,781,3.5432356410489065,23,8844,0.2600633197648123,fico_band=740+
2006,53,22042,795,3.60675074857091,14,8602,0.16275284817484306,fico_band=740+
2006,54,22042,807,3.6611922693040557,12,8368,0.14340344168260039,fico_band=740+
2006,55,22042,824,3.7383177570093458,17,8145,0.2087170042971148,fico_band=740+
2006,56,22042,843,3.824516831503493,19,7946,0.23911401963251952,fico_band=740+
2006,57,22042,863,3.9152526993920698,20,7712,0.25933609958506226,fico_band=740+
2006,58,22042,879,3.9878413937029307,16,7484,0.21378941742383753,fico_band=740+
2006,59,22042,900,4.083114054985936,21,7309,0.28731700643042823,fico_band=740+
2006,60,22042,921,4.178386716268941,21,7120,0.2949438202247191,fico_band=740+
2007,1,22718,1,0.004401795932740558,1,22700,0.004405286343612335,fico_band=740+
2007,2,22718,1,0.004401795932740558,0,22617,0.0,fico_band=740+
2007,3,22718,17,0.07483053085658949,16,22528,0.07102272727272728,fico_band=740+
2007,4,22718,25,0.11004489831851395,8,22334,0.03581982627384257,fico_band=740+
2007,5,22718,39,0.17167004137688177,14,22081,0.06340292559213803,fico_band=740+
2007,6,22718,51,0.22449159256976847,12,21828,0.05497526113249038,fico_band=740+
2007,7,22718,62,0.2729113478299146,11,21573,0.05098966300468178,fico_band=740+
2007,8,22718,71,0.3125275112245796,9,21357,0.04214075010535188,fico_band=740+
2007,9,22718,83,0.36534906241746634,12,21151,0.05673490615100941,fico_band=740+
2007,10,22718,96,0.4225724095430936,13,20932,0.06210586661570801,fico_band=740+
2007,11,22718,107,0.47099216480323974,11,20761,0.052983960310197004,fico_band=740+
2007,12,22718,116,0.5106083281979047,9,20555,0.04378496716127463,fico_band=740+
2007,13,22718,128,0.5634298793907915,12,20331,0.059023166592887706,fico_band=740+
2007,14,22718,137,0.6030460427854565,9,20079,0.04482294935006723,fico_band=740+
2007,15,22718,156,0.6866801655075271,19,19809,0.09591599777878743,fico_band=740+
2007,16,22718,173,0.7615106963641166,17,19489,0.08722869310893325,fico_band=740+
2007,17,22718,191,0.8407430231534466,18,19104,0.0942211055276382,fico_band=740+
2007,18,22718,216,0.9507879214719606,25,18685,0.1337971635001338,fico_band=740+
2007,19,22718,245,1.0784400035214368,29,18247,0.1589302351071409,fico_band=740+
2007,20,22718,270,1.1884849018399506,25,17814,0.14033905916694733,fico_band=740+
2007,21,22718,296,1.3029315960912051,26,17353,0.14983000057626925,fico_band=740+
2007,22,22718,320,1.4085746984769787,24,16946,0.14162634249970493,fico_band=740+
2007,23,22718,340,1.4966106171317897,20,16455,0.12154360376785171,fico_band=740+
2007,24,22718,381,1.6770842503741528,41,15981,0.2565546586571554,fico_band=740+
2007,25,22718,407,1.791530944625407,26,15529,0.1674286818211089,fico_band=740+
2007,26,22718,442,1.9455938022713266,35,15069,0.2322649147255956,fico_band=740+
2007,27,22718,481,2.1172638436482085,39,14680,0.2656675749318801,fico_band=740+
2007,28,22718,521,2.293335680957831,40,14327,0.2791931318489565,fico_band=740+
2007,29,22718,543,2.3901751914781233,22,13990,0.15725518227305219,fico_band=740+
2007,30,22718,581,2.5574434369222643,38,13702,0.27733177638300976,fico_band=740+
2007,31,22718,611,2.689497314904481,30,13391,0.22403106564110223,fico_band=740+
2007,32,22718,641,2.8215511928866976,30,13088,0.22921760391198043,fico_band=740+
2007,33,22718,673,2.9624086627343957,32,12749,0.25100007843752453,fico_band=740+
2007,34,22718,700,3.0812571529183908,27,12431,0.21719893813852464,fico_band=740+
2007,35,22718,723,3.1824984593714234,23,12099,0.1900983552359699,fico_band=740+
2007,36,22718,751,3.305748745488159,28,11778,0.23773136355917812,fico_band=740+
2007,37,22718,776,3.415793643806673,25,11465,0.21805494984736154,fico_band=740+
2007,38,22718,795,3.499427766528744,19,11157,0.17029667473335125,fico_band=740+
2007,39,22718,827,3.6402852363764415,32,10857,0.29474072027263515,fico_band=740+
2007,40,22718,852,3.7503301346949556,25,10564,0.23665278303672851,fico_band=740+
2007,41,22718,874,3.847169645215248,22,10269,0.21423702405297498,fico_band=740+
2007,42,22718,910,4.0056342987939075,36,9985,0.36054081121682524,fico_band=740+
2007,43,22718,929,4.089268421515978,19,9721,0.19545314268079417,fico_band=740+
2007,44,22718,947,4.168500748305308,18,9468,0.19011406844106463,fico_band=740+
2007,45,22718,973,4.282947442556563,26,9219,0.2820262501355895,fico_band=740+
2007,46,22718,991,4.362179769345893,18,9003,0.19993335554815062,fico_band=740+
2007,47,22718,1003,4.41500132053878,12,8784,0.1366120218579235,fico_band=740+
2007,48,22718,1024,4.507439035126332,21,8602,0.24412927226226458,fico_band=740+
2007,49,22718,1042,4.586671361915662,18,8414,0.21392916567625386,fico_band=740+
2007,50,22718,1063,4.679109076503213,21,8212,0.25572333170969314,fico_band=740+
2007,51,22718,1087,4.784752178888986,24,8045,0.2983219390926041,fico_band=740+
2007,52,22718,1095,4.819966546350911,8,7858,0.10180707559175363,fico_band=740+
2007,53,22718,1112,4.8947970772075005,17,7677,0.2214406669271851,fico_band=740+
2007,54,22718,1127,4.960824016198609,15,7472,0.2007494646680942,fico_band=740+
2007,55,22718,1145,5.040056342987939,18,7279,0.24728671520813297,fico_band=740+
2007,56,22718,1161,5.110485077911788,16,7069,0.2263403593153204,fico_band=740+
2007,57,22718,1181,5.198520996566599,20,6863,0.29141774734081305,fico_band=740+
2007,58,22718,1195,5.260146139624967,14,6662,0.21014710297208045,fico_band=740+
2007,59,22718,1212,5.334976670481557,17,6431,0.2643445809360908,fico_band=740+
2007,60,22718,1226,5.396601813539924,14,6202,0.22573363431151242,fico_band=740+
2008,1,28679,2,0.006973743854388229,2,28627,0.006986411429769099,fico_band=740+
2008,2,28679,3,0.010460615781582342,1,28507,0.0035079103378117655,fico_band=740+
2008,3,28679,19,0.06625056661668817,16,28286,0.05656508520115958,fico_band=740+
2008,4,28679,34,0.11855364552459988,15,27901,0.053761513924232104,fico_band=740+
2008,5,28679,45,0.15690923672373513,11,27325,0.04025617566331199,fico_band=740+
2008,6,28679,54,0.18829108406848216,9,26717,0.03368641688812367,fico_band=740+
2008,7,28679,67,0.23362041912200565,13,26124,0.049762670341448476,fico_band=740+
2008,8,28679,85,0.2963841138114997,18,25486,0.07062701090794946,fico_band=740+
2008,9,28679,103,0.35914780850099376,18,24939,0.07217610970768676,fico_band=740+
2008,10,28679,115,0.40099027162732315,12,24390,0.04920049200492005,fico_band=740+
2008,11,28679,138,0.48118832595278777,23,23784,0.09670366633030608,fico_band=740+
2008,12,28679,163,0.5683601241326406,25,23155,0.10796804145972792,fico_band=740+
2008,13,28679,180,0.6276369468949405,17,22555,0.07537131456439813,fico_band=740+
2008,14,28679,207,0.7217824889291816,27,22021,0.1226102356841197,fico_band=740+
2008,15,28679,234,0.8159280309634227,27,21510,0.12552301255230125,fico_band=740+
2008,16,28679,255,0.8891523414344991,21,21071,0.09966304399411513,fico_band=740+
2008,17,28679,274,0.9554029080511873,19,20647,0.0920230541967356,fico_band=740+
2008,18,28679,295,1.0286272185222636,21,20212,0.10389867405501682,fico_band=740+
2008,19,28679,323,1.1262596324836989,28,19797,0.1414355710461181,fico_band=740+
2008,20,28679,355,1.2378395341539106,32,19321,0.1656228973655608,fico_band=740+
2008,21,28679,383,1.3354719481153456,28,18799,0.14894409277089207,fico_band=740+
2008,22,28679,408,1.4226437462951986,25,18256,0.1369412795793164,fico_band=740+
2008,23,28679,442,1.5411973918197985,34,17726,0.19180864267178158,fico_band=740+
2008,24,28679,465,1.621395446145263,23,17187,0.13382207482399489,fico_band=740+
2008,25,28679,484,1.6876460127619513,19,16672,0.11396353166986564,fico_band=740+
2008,26,28679,499,1.739949091669863,15,16221,0.0924727205474385,fico_band=740+
2008,27,28679,516,1.799225914432163,17,15819,0.1074657057968266,fico_band=740+
2008,28,28679,534,1.861989609121657,18,15360,0.1171875,fico_band=740+
2008,29,28679,556,1.9387007915199275,22,14879,0.1478593991531689,fico_band=740+
2008,30,28679,577,2.011925101991004,21,14358,0.14625992478061012,fico_band=740+
2008,31,28679,590,2.057254437044527,13,13859,0.0938018616061765,fico_band=740+
2008,32,28679,606,2.1130443878796332,16,13424,0.11918951132300358,fico_band=740+
2008,33,28679,630,2.196729314132292,24,12995,0.1846864178530204,fico_band=740+
2008,34,28679,651,2.2699536246033682,21,12631,0.16625762014092313,fico_band=740+
2008,35,28679,662,2.3083092158025034,11,12286,0.08953280156275435,fico_band=740+
2008,36,28679,677,2.3606122947104153,15,11992,0.12508338892595064,fico_band=740+
2008,37,28679,689,2.4024547578367446,12,11721,0.10238034297414897,fico_band=740+
2008,38,28679,710,2.475679068307821,21,11406,0.1841136244082062,fico_band=740+
2008,39,28679,722,2.5175215314341504,12,11109,0.10802052389954091,fico_band=740+
2008,40,28679,735,2.562850866487674,13,10816,0.1201923076923077,fico_band=740+
2008,41,28679,748,2.6081802015411975,13,10506,0.1237388159147154,fico_band=740+
2008,42,28679,765,2.667457024303497,17,10201,0.16665032839917654,fico_band=740+
2008,43,28679,778,2.712786359357021,13,9874,0.13165890216730808,fico_band=740+
2008,44,28679,799,2.786010669828097,21,9559,0.21968825190919553,fico_band=740+
2008,45,28679,812,2.831340004881621,13,9203,0.1412582853417364,fico_band=740+
2008,46,28679,821,2.8627218522263678,9,8859,0.1015916017609211,fico_band=740+
2008,47,28679,835,2.911538059207085,14,8571,0.16334150040835374,fico_band=740+
2008,48,28679,848,2.956867394260609,13,8268,0.15723270440251572,fico_band=740+
2008,49,28679,858,2.99173611353255,10,7955,0.1257071024512885,fico_band=740+
2008,50,28679,864,3.0126573450957146,6,7624,0.07869884575026233,fico_band=740+
2008,51,28679,870,3.033578576658879,6,7309,0.08209057326583664,fico_band=740+
2008,52,28679,879,3.0649604240036266,9,6983,0.12888443362451668,fico_band=740+
2008,53,28679,886,3.0893685274939853,7,6671,0.1049317943336831,fico_band=740+
2008,54,28679,890,3.1033160152027617,4,6382,0.06267627702914447,fico_band=740+
2008,55,28679,897,3.1277241186931204,7,6113,0.11451006052674628,fico_band=740+
2008,56,28679,901,3.141671606401897,4,5837,0.0685283536063046,fico_band=740+
2008,57,28679,909,3.1695665818194496,8,5567,0.14370396982216635,fico_band=740+
2008,58,28679,917,3.197461557237003,8,5337,0.14989694584972832,fico_band=740+
2008,59,28679,920,3.207922173018585,3,5111,0.058696928194091176,fico_band=740+
2008,60,28679,925,3.2253565326545557,5,4895,0.10214504596527069,fico_band=740+
2010,1,35886,1,0.0027866020174998605,1,35869,0.0027879227187822355,fico_band=740+
2010,2,35886,1,0.0027866020174998605,0,35831,0.0,fico_band=740+
2010,3,35886,4,0.011146408069999442,3,35750,0.008391608391608392,fico_band=740+
2010,4,35886,4,0.011146408069999442,0,35569,0.0,fico_band=740+
2010,5,35886,7,0.019506214122499026,3,35313,0.008495454931611588,fico_band=740+
2010,6,35886,9,0.025079418157498746,2,35026,0.005710043967338548,fico_band=740+
2010,7,35886,14,0.03901242824499805,5,34749,0.014388903277792168,fico_band=740+
2010,8,35886,19,0.052945438332497353,5,34498,0.014493593831526465,fico_band=740+
2010,9,35886,22,0.06130524438499693,3,34223,0.00876603453817608,fico_band=740+
2010,10,35886,27,0.07523825447249624,5,33949,0.014727974314412796,fico_band=740+
2010,11,35886,35,0.09753107061249512,8,33696,0.023741690408357077,fico_band=740+
2010,12,35886,43,0.119823886752494,8,33395,0.023955681988321605,fico_band=740+
2010,13,35886,49,0.13654349885749317,6,33056,0.018151016456921586,fico_band=740+
2010,14,35886,53,0.14768990692749262,4,32715,0.012226807274950329,fico_band=740+
2010,15,35886,68,0.18948893718999052,15,32302,0.046436753142220295,fico_band=740+
2010,16,35886,77,0.21456835534748928,9,31856,0.028252134605725766,fico_band=740+
2010,17,35886,82,0.22850136543498858,5,31367,0.015940319444001656,fico_band=740+
2010,18,35886,85,0.23686117148748817,3,30902,0.009708109507475244,fico_band=740+
2010,19,35886,94,0.2619405896449869,9,30385,0.029619878229389503,fico_band=740+
2010,20,35886,99,0.2758735997324862,5,29816,0.01676951972095519,fico_band=740+
2010,21,35886,104,0.2898066098199855,5,29263,0.017086423128182347,fico_band=740+
2010,22,35886,112,0.3120994259599844,8,28651,0.02792223657114935,fico_band=740+
2010,23,35886,121,0.33717884411748317,9,28044,0.03209242618741977,fico_band=740+
2010,24,35886,130,0.36225826227498187,9,27352,0.03290435799941503,fico_band=740+
2010,25,35886,140,0.3901242824499805,10,26636,0.03754317465084848,fico_band=740+
2010,26,35886,147,0.4096304965724795,7,25969,0.02695521583426393,fico_band=740+
2010,27,35886,153,0.4263501086774787,6,25354,0.023664904945965133,fico_band=740+
2010,28,35886,165,0.45978933288747703,12,24721,0.048541725658347155,fico_band=740+
2010,29,35886,170,0.47372234297497634,5,24101,0.020746027135803494,fico_band=740+
2010,30,35886,181,0.5043749651674748,11,23481,0.04684638644010051,fico_band=740+
2010,31,35886,187,0.521094577272474,6,22932,0.026164311878597593,fico_band=740+
2010,32,35886,195,0.5433873934124729,8,22373,0.035757386135073524,fico_band=740+
2010,33,35886,200,0.5573204034999721,5,21846,0.02288748512313467,fico_band=740+
2010,34,35886,204,0.5684668115699716,4,21380,0.018709073900841908,fico_band=740+
2010,35,35885,213,0.5935627699595931,9,20914,0.04303337477287941,fico_band=740+
2010,36,35885,218,0.6074961683154522,5,20504,0.024385485758876318,fico_band=740+
2010,37,35885,224,0.624216246342483,6,20126,0.029812183245553014,fico_band=740+
2010,38,35885,230,0.6409363243695138,6,19801,0.03030149992424625,fico_band=740+
2010,39,35885,237,0.6604430820677163,7,19493,0.03591032678397373,fico_band=740+
2010,40,35885,242,0.6743764804235753,5,19200,0.026041666666666668,fico_band=740+
2010,41,35885,247,0.6883098787794343,5,18951,0.026383831987757903,fico_band=740+
2010,42,35885,248,0.6910965584506061,1,18740,0.005336179295624333,fico_band=740+
2010,43,35885,252,0.7022432771352933,4,18543,0.021571482500134822,fico_band=740+
2010,44,35885,257,0.7161766754911523,5,18355,0.027240533914464723,fico_band=740+
2010,45,35885,261,0.7273233941758395,4,18199,0.02197922962800154,fico_band=740+
2010,46,35885,265,0.7384701128605267,4,18023,0.022193863396770794,fico_band=740+
2010,47,35885,272,0.7579768705587293,7,17821,0.039279501711464,fico_band=740+
2010,48,35885,275,0.7663369095722447,3,17626,0.017020310904345852,fico_band=740+
2010,49,35885,276,0.7691235892434165,1,17435,0.005735589331803843,fico_band=740+
2010,50,35885,280,0.7802703079281037,4,17252,0.023185717597959656,fico_band=740+
2010,51,35885,285,0.7942037062839626,5,17047,0.029330674018888954,fico_band=740+
2010,52,35885,292,0.8137104639821653,7,16844,0.04155782474471622,fico_band=740+
2010,53,35885,293,0.816497143653337,1,16627,0.006014314067480604,fico_band=740+
2010,54,35885,296,0.8248571826668525,3,16379,0.018316136516270835,fico_band=740+
2010,55,35885,299,0.8332172216803678,3,16141,0.01858620903289759,fico_band=740+
2010,56,35885,303,0.844363940365055,4,15922,0.025122472051249845,fico_band=740+
2010,57,35885,305,0.8499372997073986,2,15713,0.012728314134792846,fico_band=740+
2010,58,35885,309,0.8610840183920858,4,15484,0.025833118057349523,fico_band=740+
2010,59,35885,312,0.8694440574056013,3,15243,0.0196811651249754,fico_band=740+
2010,60,35885,314,0.8750174167479449,2,15020,0.013315579227696404,fico_band=740+
2012,1,35941,0,0.0,0,35929,0.0,fico_band=740+
2012,2,35941,0,0.0,0,35905,0.0,fico_band=740+
2012,3,35941,3,0.008347013160457417,3,35843,0.008369835114248249,fico_band=740+
2012,4,35941,6,0.016694026320914834,3,35761,0.00838902715248455,fico_band=740+
2012,5,35941,7,0.019476364041067305,1,35624,0.002807096339546373,fico_band=740+
2012,6,35941,15,0.04173506580228708,8,35406,0.022595040388634694,fico_band=740+
2012,7,35941,21,0.058429092123201916,6,35133,0.017077960891469558,fico_band=740+
2012,8,35941,26,0.07234078072396427,5,34859,0.014343498092314754,fico_band=740+
2012,9,35941,31,0.08625246932472663,5,34594,0.01445337341735561,fico_band=740+
2012,10,35941,35,0.09738182020533652,4,34336,0.011649580615097856,fico_band=740+
2012,11,35941,37,0.10294649564564147,2,34099,0.0058652746414850875,fico_band=740+
2012,12,35941,43,0.1196405219665563,6,33860,0.01772002362669817,fico_band=740+
2012,13,35941,47,0.13076987284716618,4,33662,0.011882835244489335,fico_band=740+
2012,14,35941,52,0.14468156144792854,5,33507,0.014922255051183334,fico_band=740+
2012,15,35941,57,0.1585932500486909,5,33318,0.015006903175460712,fico_band=740+
2012,16,35941,68,0.18919896497036812,11,33141,0.03319151504179114,fico_band=740+
2012,17,35941,71,0.19754597813082553,3,32967,0.009100009100009101,fico_band=740+
2012,18,35941,76,0.2114576667315879,5,32827,0.015231364425625248,fico_band=740+
2012,19,35941,81,0.22536935533235025,5,32671,0.01530409231428484,fico_band=740+
2012,20,35941,83,0.23093403077265517,2,32521,0.006149872390147904,fico_band=740+
2012,21,35941,87,0.24206338165326508,4,32376,0.012354830738818878,fico_band=740+
2012,22,35941,91,0.253192732533875,4,32232,0.012410027302060065,fico_band=740+
2012,23,35941,94,0.26153974569433236,3,32055,0.009358914365933552,fico_band=740+
2012,24,35941,97,0.2698867588547898,3,31870,0.009413241292751805,fico_band=740+
2012,25,35941,98,0.27266909657494226,1,31697,0.0031548727008865194,fico_band=740+
2012,26,35941,103,0.2865807851757046,5,31524,0.0158609313538891,fico_band=740+
2012,27,35941,107,0.2977101360563145,4,31342,0.012762427413694084,fico_band=740+
2012,28,35941,110,0.3060571492167719,3,31167,0.009625565501973242,fico_band=740+
2012,29,35941,116,0.3227511755376868,6,30968,0.01937483854301214,fico_band=740+
2012,30,35941,118,0.3283158509779917,2,30790,0.006495615459564794,fico_band=740+
2012,31,35941,123,0.34222753957875407,5,30588,0.01634627958676605,fico_band=740+
2012,32,35941,128,0.35613922817951643,5,30372,0.01646253127880943,fico_band=740+
2012,33,35941,129,0.3589215658996689,1,30141,0.0033177399555422847,fico_band=740+
2012,34,35941,132,0.36726857906012633,3,29923,0.010025732713965846,fico_band=740+
2012,35,35941,135,0.3756155922205837,3,29690,0.010104412260020209,fico_band=740+
2012,36,35941,141,0.3923096185414986,6,29471,0.020358996980082113,fico_band=740+
2012,37,35941,146,0.4062213071422609,5,29207,0.01711918375731845,fico_band=740+
2012,38,35941,149,0.41456832030271834,3,28963,0.010358043020405345,fico_band=740+
2012,39,35941,149,0.41456832030271834,0,28739,0.0,fico_band=740+
2012,40,35941,156,0.4340446843437856,7,28500,0.02456140350877193,fico_band=740+
2012,41,35941,157,0.43682702206393814,1,28262,0.003538320005661312,fico_band=740+
2012,42,35941,160,0.4451740352243955,3,28065,0.010689470871191877,fico_band=740+
2012,43,35941,164,0.4563033861050054,4,27819,0.014378662065494806,fico_band=740+
2012,44,35941,166,0.46186806154531035,2,27570,0.007254261878853826,fico_band=740+
2012,45,35941,169,0.4702150747057678,3,27311,0.01098458496576471,fico_band=740+
2012,46,35941,172,0.4785620878662252,3,27066,0.01108401684770561,fico_band=740+
2012,47,35941,172,0.4785620878662252,0,26806,0.0,fico_band=740+
2012,48,35941,173,0.4813444255863777,1,26523,0.0037703125589111336,fico_band=740+
2012,49,35941,175,0.4869091010266826,2,26242,0.007621370322383965,fico_band=740+
2012,50,35941,178,0.49525611418714005,3,25949,0.011561139157578327,fico_band=740+
2012,51,35941,179,0.4980384519072925,1,25715,0.0038887808671981333,fico_band=740+
2012,52,35941,179,0.4980384519072925,0,25450,0.0,fico_band=740+
2012,53,35941,184,0.5119501405080549,5,25177,0.01985939548000159,fico_band=740+
2012,54,35941,189,0.5258618291088172,5,24909,0.020073065960094744,fico_band=740+
2012,55,35941,192,0.5342088422692747,3,24613,0.012188680778450412,fico_band=740+
2012,56,35941,194,0.5397735177095796,2,24364,0.008208832703989493,fico_band=740+
2012,57,35941,198,0.5509028685901894,4,24102,0.01659613310098747,fico_band=740+
2012,58,35940,198,0.5509181969949917,0,23879,0.0,fico_band=740+
2012,59,35940,200,0.5564830272676683,2,23686,0.008443806467955754,fico_band=740+
2012,60,35940,204,0.5676126878130217,4,23446,0.017060479399471126,fico_band=740+
2015,1,31328,0,0.0,0,31310,0.0,fico_band=740+
2015,2,31328,0,0.0,0,31275,0.0,fico_band=740+
2015,3,31328,0,0.0,0,31219,0.0,fico_band=740+
2015,4,31328,2,0.006384065372829418,2,31142,0.006422195106287329,fico_band=740+
2015,5,31328,7,0.02234422880490296,5,31044,0.016106171885066356,fico_band=740+
2015,6,31328,11,0.0351123595505618,4,30906,0.012942470717660002,fico_band=740+
2015,7,31328,11,0.0351123595505618,0,30731,0.0,fico_band=740+
2015,8,31328,14,0.04468845760980592,3,30515,0.009831230542356219,fico_band=740+
2015,9,31328,17,0.05426455566905005,3,30281,0.00990720253624385,fico_band=740+
2015,10,31328,19,0.06064862104187947,2,30071,0.006650926141465199,fico_band=740+
2015,11,31328,21,0.06703268641470889,2,29853,0.006699494188188792,fico_band=740+
2015,12,31327,23,0.07341909534905991,2,29617,0.006752878414424148,fico_band=740+
2015,13,31325,26,0.08300079808459697,3,29359,0.010218331687046561,fico_band=740+
2015,14,31325,28,0.0893854748603352,2,29078,0.006878052135635188,fico_band=740+
2015,15,31325,28,0.0893854748603352,0,28780,0.0,fico_band=740+
2015,16,31325,31,0.09896249002394254,3,28545,0.010509721492380452,fico_band=740+
2015,17,31324,34,0.10854297024645639,3,28275,0.010610079575596816,fico_band=740+
2015,18,31324,35,0.11173541054782275,1,28012,0.0035698986148793373,fico_band=740+
2015,19,31324,36,0.11492785084918912,1,27779,0.0035998416069692933,fico_band=740+
2015,20,31324,40,0.12769761205465457,4,27535,0.014526965680043582,fico_band=740+
2015,21,31323,45,0.1436643999616895,5,27337,0.01829022935947617,fico_band=740+
2015,22,31322,49,0.15643956324628058,4,27119,0.014749806408790884,fico_band=740+
2015,23,31322,61,0.1947512930208799,12,26899,0.044611323841034986,fico_band=740+
2015,24,31322,69,0.2202924462039461,8,26699,0.02996366905127533,fico_band=740+
2015,25,31322,71,0.22667773449971265,2,26453,0.007560579140362152,fico_band=740+
2015,26,31322,74,0.2362556669433625,3,26232,0.011436413540713633,fico_band=740+
2015,27,31322,80,0.2554115318306622,6,26020,0.023059185242121444,fico_band=740+
2015,28,31322,85,0.27137475257007854,5,25814,0.019369334469667623,fico_band=740+
2015,29,31322,88,0.2809526850137284,3,25605,0.011716461628588167,fico_band=740+
2015,30,31322,91,0.2905306174573782,3,25408,0.011807304785894207,fico_band=740+
2015,31,31322,101,0.32245705893621096,10,25219,0.039652642848645864,fico_band=740+
2015,32,31321,107,0.3416238306567479,6,25006,0.023994241382068304,fico_band=740+
2015,33,31320,110,0.351213282247765,3,24803,0.01209531105108253,fico_band=740+
2015,34,31320,111,0.3544061302681992,1,24594,0.004066032365617631,fico_band=740+
2015,35,31318,112,0.35762181493071077,1,24388,0.004100377234705593,fico_band=740+
2015,36,31316,115,0.3672244220206923,3,24201,0.012396181975951407,fico_band=740+
2015,37,31311,117,0.3736705949985628,2,24026,0.008324315325064514,fico_band=740+
2015,38,31306,120,0.38331310291956816,3,23858,0.012574398524603906,fico_band=740+
2015,39,31300,121,0.3865814696485623,1,23678,0.0042233296731142836,fico_band=740+
2015,40,31290,126,0.40268456375838924,5,23490,0.021285653469561516,fico_band=740+
2015,41,31287,130,0.4155080384824368,4,23302,0.017165908505707664,fico_band=740+
2015,42,31283,133,0.4251510405012307,3,23137,0.012966244543372089,fico_band=740+
2015,43,31278,137,0.43800754523946545,4,22945,0.017432991937241227,fico_band=740+
2015,44,31277,142,0.45400773731495986,5,22772,0.02195678903917091,fico_band=740+
2015,45,31270,143,0.4573073233130796,1,22580,0.0044286979627989375,fico_band=740+
2015,46,31196,141,0.4519810232081036,0,22343,0.0,fico_band=740+
2015,47,28769,128,0.4449233550001738,3,20457,0.014664906877841326,fico_band=740+
2015,48,26559,116,0.436763432358146,1,18686,0.005351600128438403,fico_band=740+
2015,49,23865,111,0.46511627906976744,4,16644,0.02403268445085316,fico_band=740+
2015,50,21351,97,0.4543112734766521,1,14797,0.0067581266472933705,fico_band=740+
2015,51,18799,89,0.4734294377360498,4,12998,0.030773965225419295,fico_band=740+
2015,52,16177,71,0.43889472708165916,0,11119,0.0,fico_band=740+
2018,1,29397,0,0.0,0,29359,0.0,fico_band=740+
2018,2,29389,0,0.0,0,29285,0.0,fico_band=740+
2018,3,29381,1,0.0034035601238895886,1,29197,0.0034250094187759017,fico_band=740+
2018,4,29373,1,0.0034044871140162733,0,29085,0.0,fico_band=740+
2018,5,29362,2,0.006811525100469995,1,28934,0.003456141563558443,fico_band=740+
2018,6,29356,5,0.017032293227960214,3,28720,0.010445682451253482,fico_band=740+
2018,7,29354,7,0.02384683518430197,2,28415,0.0070385359845152205,fico_band=740+
2018,8,29350,13,0.044293015332197615,6,28077,0.021369804466289135,fico_band=740+
2018,9,29346,19,0.0647447693041641,6,27697,0.02166299599234574,fico_band=740+
2018,10,29323,23,0.07843672202707772,4,27241,0.014683748761058699,fico_band=740+
2018,11,27332,23,0.08415044636323724,2,25179,0.007943127209182254,fico_band=740+
2018,12,24915,24,0.09632751354605659,3,22851,0.01312852829197847,fico_band=740+
2018,13,22114,21,0.0949624672153387,1,20120,0.004970178926441352,fico_band=740+
2018,14,19908,20,0.10046212577858148,1,17947,0.005571961887780688,fico_band=740+
2018,15,17250,23,0.13333333333333333,4,15443,0.025901703036974682,fico_band=740+
2005,1,21746,5,0.022992734295962478,5,21728,0.02301178203240059,ltv_band=<=70
2005,2,21746,9,0.04138692173273246,4,21675,0.01845444059976932,ltv_band=<=70
2005,3,21746,24,0.11036512462061988,15,21603,0.06943480072212192,ltv_band=<=70
2005,4,21746,45,0.20693460866366228,21,21498,0.09768350544236673,ltv_band=<=70
2005,5,21746,58,0.2667157178331647,13,21344,0.06090704647676162,ltv_band=<=70
2005,6,21746,67,0.3081026395658972,9,21218,0.042416815911018944,ltv_band=<=70
2005,7,21746,89,0.4092706704681321,22,21077,0.1043791810978792,ltv_band=<=70
2005,8,21746,102,0.4690517796376345,13,20923,0.062132581369784445,ltv_band=<=70
2005,9,21746,113,0.5196357950887519,11,20796,0.052894787459126756,ltv_band=<=70
2005,10,21746,129,0.5932125448358319,16,20664,0.07742934572202866,ltv_band=<=70
2005,11,21746,145,0.6667892945829118,16,20504,0.07803355442840422,ltv_band=<=70
2005,12,21746,158,0.7265704037524142,13,20359,0.0638538238616828,ltv_band=<=70
2005,13,21746,169,0.7771544192035317,11,20194,0.05447162523521838,ltv_band=<=70
2005,14,21746,180,0.8277384346546491,11,20021,0.05494231057389741,ltv_band=<=70
2005,15,21746,191,0.8783224501057666,11,19868,0.05536541171733441,ltv_band=<=70
2005,16,21746,204,0.938103559275269,13,19707,0.06596640787537424,ltv_band=<=70
2005,17,21746,210,0.965694840430424,6,19524,0.03073140749846343,ltv_band=<=70
2005,18,21746,223,1.0254759495999264,13,19366,0.06712795621191779,ltv_band=<=70
2005,19,21746,235,1.0806585119102363,12,19183,0.06255538758275557,ltv_band=<=70
2005,20,21746,243,1.1174468867837763,8,19020,0.04206098843322818,ltv_band=<=70
2005,21,21746,259,1.1910236365308562,16,18855,0.08485812781755503,ltv_band=<=70
2005,22,21746,269,1.2370091051227812,10,18708,0.053453068206115034,ltv_band=<=70
2005,23,21746,278,1.2783960268555137,9,18546,0.04852798447104497,ltv_band=<=70
2005,24,21746,287,1.3197829485882462,9,18391,0.048936980044587026,ltv_band=<=70
2005,25,21746,299,1.3749655108985561,12,18234,0.06581112207963145,ltv_band=<=70
2005,26,21746,309,1.420950979490481,10,18091,0.0552761041401802,ltv_band=<=70
2005,27,21746,322,1.4807320886599835,13,17945,0.07244357759821678,ltv_band=<=70
2005,28,21746,335,1.540513197829486,13,17773,0.07314465762673719,ltv_band=<=70
2005,29,21746,344,1.5819001195622184,9,17634,0.05103776794828173,ltv_band=<=70
2005,30,21746,359,1.6508783224501058,15,17485,0.08578781812982557,ltv_band=<=70
2005,31,21746,367,1.6876666973236458,8,17325,0.046176046176046176,ltv_band=<=70
2005,32,21746,380,1.7474478064931482,13,17186,0.07564296520423601,ltv_band=<=70
2005,33,21746,386,1.775039087648303,6,17044,0.035203003989673784,ltv_band=<=70
2005,34,21746,396,1.821024556240228,10,16925,0.059084194977843424,ltv_band=<=70
2005,35,21746,410,1.885404212268923,14,16801,0.08332837331111244,ltv_band=<=70
2005,36,21746,426,1.958980962016003,16,16679,0.09592901253072726,ltv_band=<=70
2005,37,21746,437,2.0095649774671203,11,16522,0.06657789613848203,ltv_band=<=70
2005,38,21746,463,2.129127195806125,26,16370,0.1588271227855834,ltv_band=<=70
2005,39,21746,476,2.1889083049756275,13,16180,0.08034610630407911,ltv_band=<=70
2005,40,21746,496,2.2808792421594775,20,16007,0.1249453364153183,ltv_band=<=70
2005,41,21746,517,2.37744872620252,21,15797,0.13293663353801355,ltv_band=<=70
2005,42,21746,533,2.4510254759495997,16,15564,0.10280133641737342,ltv_band=<=70
2005,43,21746,548,2.5200036788374875,15,15342,0.09777082518576456,ltv_band=<=70
2005,44,21746,570,2.6211717097397225,22,15098,0.14571466419393297,ltv_band=<=70
2005,45,21746,587,2.699347006345995,17,14856,0.11443187937533657,ltv_band=<=70
2005,46,21746,614,2.823507771544192,27,14609,0.18481757820521597,ltv_band=<=70
2005,47,21746,637,2.9292743493056195,23,14374,0.1600111312091276,ltv_band=<=70
2005,48,21746,658,3.0258438333486617,21,14107,0.14886226695966542,ltv_band=<=70
2005,49,21746,682,3.1362089579692816,24,13864,0.17311021350259664,ltv_band=<=70
2005,50,21746,701,3.2235813482939393,19,13642,0.1392757660167131,ltv_band=<=70
2005,51,21746,729,3.352340660351329,28,13416,0.20870602265951102,ltv_band=<=70
2005,52,21746,753,3.462705784971949,24,13196,0.18187329493785995,ltv_band=<=70
2005,53,21746,772,3.550078175296606,19,13008,0.1460639606396064,ltv_band=<=70
2005,54,21746,800,3.678837487353996,28,12809,0.2185962994769303,ltv_band=<=70
2005,55,21746,821,3.7754069713970386,21,12616,0.1664552948636652,ltv_band=<=70
2005,56,21746,840,3.862779361721696,19,12425,0.1529175050301811,ltv_band=<=70
2005,57,21746,875,4.023728501793434,35,12223,0.2863454143827211,ltv_band=<=70
2005,58,21746,900,4.138692173273245,25,11994,0.20843755210938802,ltv_band=<=70
2005,59,21746,922,4.23986020417548,22,11787,0.18664630525154832,ltv_band=<=70
2005,60,21746,939,4.318035500781753,17,11543,0.14727540500736377,ltv_band=<=70
2006,1,19690,4,0.02031488065007618,3,19672,0.015250101667344449,ltv_band=<=70
2006,2,19690,10,0.05078720162519045,6,19625,0.030573248407643312,ltv_band=<=70
2006,3,19690,30,0.15236160487557135,20,19564,0.10222858311183806,ltv_band=<=70
2006,4,19690,64,0.3250380904012189,34,19430,0.17498713329902213,ltv_band=<=70
2006,5,19690,88,0.44692737430167595,24,19270,0.12454592631032693,ltv_band=<=70
2006,6,19690,107,0.5434230573895379,19,19118,0.09938278062558845,ltv_band=<=70
2006,7,19690,127,0.6449974606399187,20,18941,0.10559104587930944,ltv_band=<=70
2006,8,19690,149,0.7567293042153377,22,18787,0.11710225155692766,ltv_band=<=70
2006,9,19690,166,0.8430675469781616,17,18606,0.09136837579275503,ltv_band=<=70
2006,10,19690,191,0.9700355510411376,25,18465,0.13539128080151638,ltv_band=<=70
2006,11,19690,212,1.0766886744540376,21,18296,0.11477918670747704,ltv_band=<=70
2006,12,19690,228,1.1579481970543424,16,18122,0.08829047566493764,ltv_band=<=70
2006,13,19690,242,1.229050279329609,14,17919,0.0781293598973157,ltv_band=<=70
2006,14,19690,270,1.3712544438801422,28,17741,0.15782650357927963,ltv_band=<=70
2006,15,19690,287,1.457592686642966,17,17524,0.09700981511070532,ltv_band=<=70
2006,16,19690,303,1.5388522092432706,16,17305,0.09245882692863334,ltv_band=<=70
2006,17,19690,326,1.6556627729812088,23,17086,0.13461313355963947,ltv_band=<=70
2006,18,19690,351,1.782630777044185,25,16845,0.14841199168892846,ltv_band=<=70
2006,19,19690,373,1.8943626206196038,22,16588,0.13262599469496023,ltv_band=<=70
2006,20,19690,387,1.9654647028948704,14,16336,0.08570029382957885,ltv_band=<=70
2006,21,19690,408,2.0721178263077706,21,16119,0.13028103480364786,ltv_band=<=70
2006,22,19690,422,2.143219908583037,14,15892,0.08809463881198087,ltv_band=<=70
2006,23,19690,437,2.219400711020823,15,15662,0.09577320904099093,ltv_band=<=70
2006,24,19690,449,2.280345352971051,12,15452,0.07765984985762361,ltv_band=<=70
2006,25,19690,470,2.386998476383951,21,15248,0.13772298006295908,ltv_band=<=70
2006,26,19690,497,2.5241239207719657,27,15032,0.17961681745609367,ltv_band=<=70
2006,27,19690,520,2.6409344845099034,23,14783,0.15558411689102347,ltv_band=<=70
2006,28,19690,553,2.808532249873032,33,14520,0.22727272727272727,ltv_band=<=70
2006,29,19690,574,2.915185373285932,21,14214,0.14774166314900802,ltv_band=<=70
2006,30,19690,589,2.9913661757237175,15,13876,0.10810031709426347,ltv_band=<=70
2006,31,19690,616,3.1284916201117317,27,13536,0.19946808510638298,ltv_band=<=70
2006,32,19690,649,3.2960893854748603,33,13217,0.24967844442763107,ltv_band=<=70
2006,33,19690,677,3.4382935500253935,28,12881,0.21737442745128485,ltv_band=<=70
2006,34,19690,717,3.6414423565261553,40,12553,0.31864892854297777,ltv_band=<=70
2006,35,19690,753,3.8242762823768413,36,12181,0.2955422379115015,ltv_band=<=70
2006,36,19690,787,3.9969527679024885,34,11800,0.288135593220339,ltv_band=<=70
2006,37,19690,828,4.2051802945657695,41,11448,0.3581411600279525,ltv_band=<=70
2006,38,19690,865,4.393092940578974,37,11122,0.3326739795000899,ltv_band=<=70
2006,39,19690,894,4.540375825292027,29,10825,0.2678983833718245,ltv_band=<=70
2006,40,19690,932,4.73336719146775,38,10562,0.35978034463169856,ltv_band=<=70
2006,41,19690,966,4.906043676993398,34,10346,0.32862942199884015,ltv_band=<=70
2006,42,19690,1002,5.088877602844083,36,10111,0.35604786865789734,ltv_band=<=70
2006,43,19690,1048,5.32249873031996,46,9906,0.4643650312941652,ltv_band=<=70
2006,44,19690,1082,5.495175215845607,34,9686,0.35102209374354737,ltv_band=<=70
2006,45,19690,1111,5.64245810055866,29,9443,0.3071057926506407,ltv_band=<=70
2006,46,19690,1141,5.7948197054342305,30,9235,0.32485110990795885,ltv_band=<=70
2006,47,19690,1164,5.911630269172169,23,9021,0.25496064737833946,ltv_band=<=70
2006,48,19690,1191,6.048755713560183,27,8779,0.3075521129969245,ltv_band=<=70
2006,49,19690,1215,6.17064499746064,24,8570,0.28004667444574094,ltv_band=<=70
2006,50,19690,1231,6.251904520060944,16,8381,0.1909080062045102,ltv_band=<=70
2006,51,19690,1246,6.328085322498731,15,8191,0.18312782322060797,ltv_band=<=70
2006,52,19690,1268,6.43981716607415,22,7984,0.2755511022044088,ltv_band=<=70
2006,53,19690,1289,6.54647028948705,21,7774,0.2701312065860561,ltv_band=<=70
2006,54,19690,1302,6.612493651599797,13,7584,0.17141350210970463,ltv_band=<=70
2006,55,19690,1319,6.698831894362621,17,7402,0.2296676573898946,ltv_band=<=70
2006,56,19690,1336,6.785170137125444,17,7252,0.2344180915609487,ltv_band=<=70
2006,57,19690,1356,6.886744540375825,20,7070,0.2828854314002829,ltv_band=<=70
2006,58,19690,1370,6.9578466226510916,14,6881,0.2034587995930824,ltv_band=<=70
2006,59,19690,1393,7.07465718638903,23,6740,0.34124629080118696,ltv_band=<=70
2006,60,19690,1425,7.23717623158964,32,6581,0.4862482905333536,ltv_band=<=70
2007,1,18640,3,0.016094420600858368,2,18625,0.010738255033557046,ltv_band=<=70
2007,2,18640,7,0.03755364806866953,4,18571,0.021538958591352107,ltv_band=<=70
2007,3,18640,42,0.22532188841201717,35,18494,0.18925056775170326,ltv_band=<=70
2007,4,18640,66,0.3540772532188841,24,18316,0.1310329766324525,ltv_band=<=70
2007,5,18640,90,0.48283261802575106,24,18077,0.13276539248769154,ltv_band=<=70
2007,6,18640,121,0.6491416309012875,31,17876,0.17341687178339674,ltv_band=<=70
2007,7,18640,145,0.7778969957081545,24,17620,0.1362088535754824,ltv_band=<=70
2007,8,18640,159,0.8530042918454935,14,17421,0.08036278055220711,ltv_band=<=70
2007,9,18640,181,0.971030042918455,22,17219,0.1277658400603984,ltv_band=<=70
2007,10,18640,206,1.1051502145922747,25,17012,0.14695509052433575,ltv_band=<=70
2007,11,18640,231,1.2392703862660943,25,16831,0.1485354405561167,ltv_band=<=70
2007,12,18640,253,1.3572961373390557,22,16632,0.13227513227513227,ltv_band=<=70
2007,13,18640,285,1.5289699570815452,32,16416,0.1949317738791423,ltv_band=<=70
2007,14,18640,314,1.684549356223176,29,16167,0.17937774478876725,ltv_band=<=70
2007,15,18640,343,1.840128755364807,29,15932,0.18202360030128045,ltv_band=<=70
2007,16,18640,371,1.990343347639485,28,15664,0.1787538304392237,ltv_band=<=70
2007,17,18640,401,2.1512875536480687,30,15321,0.1958096729978461,ltv_band=<=70
2007,18,18640,425,2.2800429184549356,24,14971,0.16030993253623674,ltv_band=<=70
2007,19,18640,447,2.398068669527897,22,14643,0.15024243665915454,ltv_band=<=70
2007,20,18640,478,2.5643776824034337,31,14293,0.2168893864129294,ltv_band=<=70
2007,21,18640,509,2.73068669527897,31,13932,0.2225093310364628,ltv_band=<=70
2007,22,18640,549,2.9452789699570814,40,13607,0.2939663408539722,ltv_band=<=70
2007,23,18640,577,3.0954935622317596,28,13220,0.2118003025718608,ltv_band=<=70
2007,24,18640,621,3.3315450643776825,44,12824,0.3431066749844042,ltv_band=<=70
2007,25,18640,659,3.5354077253218885,38,12460,0.30497592295345105,ltv_band=<=70
2007,26,18640,687,3.6856223175965663,28,12116,0.231099372730274,ltv_band=<=70
2007,27,18640,734,3.9377682403433476,47,11806,0.3981026596645773,ltv_band=<=70
2007,28,18640,769,4.125536480686695,35,11506,0.30418911872066745,ltv_band=<=70
2007,29,18640,804,4.313304721030043,35,11255,0.3109729009329187,ltv_band=<=70
2007,30,18640,842,4.517167381974249,38,11005,0.3452975920036347,ltv_band=<=70
2007,31,18640,877,4.704935622317596,35,10745,0.3257328990228013,ltv_band=<=70
2007,32,18640,909,4.876609442060086,32,10512,0.30441400304414,ltv_band=<=70
2007,33,18640,944,5.064377682403434,35,10248,0.34153005464480873,ltv_band=<=70
2007,34,18640,973,5.219957081545064,29,10006,0.2898261043373976,ltv_band=<=70
2007,35,18640,1001,5.370171673819742,28,9763,0.28679709105807644,ltv_band=<=70
2007,36,18640,1034,5.547210300429184,33,9502,0.3472953062513155,ltv_band=<=70
2007,37,18640,1058,5.675965665236052,24,9285,0.25848142164781907,ltv_band=<=70
2007,38,18640,1076,5.772532188841201,18,9046,0.1989829759009507,ltv_band=<=70
2007,39,18640,1108,5.944206008583691,32,8824,0.3626473254759746,ltv_band=<=70
2007,40,18640,1137,6.099785407725322,29,8606,0.33697420404369044,ltv_band=<=70
2007,41,18640,1155,6.196351931330472,18,8382,0.2147458840372226,ltv_band=<=70
2007,42,18640,1182,6.3412017167381975,27,8165,0.3306797305572566,ltv_band=<=70
2007,43,18640,1204,6.459227467811159,22,7958,0.2764513696908771,ltv_band=<=70
2007,44,18640,1228,6.587982832618025,24,7744,0.30991735537190085,ltv_band=<=70
2007,45,18640,1251,6.71137339055794,23,7538,0.30512072167683735,ltv_band=<=70
2007,46,18640,1267,6.797210300429184,16,7367,0.2171847427718203,ltv_band=<=70
2007,47,18640,1289,6.915236051502146,22,7219,0.3047513506025765,ltv_band=<=70
2007,48,18640,1303,6.990343347639485,14,7063,0.19821605550049554,ltv_band=<=70
2007,49,18640,1325,7.108369098712446,22,6930,0.31746031746031744,ltv_band=<=70
2007,50,18640,1337,7.17274678111588,12,6782,0.17693895606015925,ltv_band=<=70
2007,51,18640,1356,7.274678111587983,19,6649,0.28575725673033536,ltv_band=<=70
2007,52,18640,1369,7.344420600858369,13,6518,0.19944768333844737,ltv_band=<=70
2007,53,18640,1383,7.419527896995708,14,6388,0.21916092673763307,ltv_band=<=70
2007,54,18640,1397,7.494635193133047,14,6257,0.2237494006712482,ltv_band=<=70
2007,55,18640,1419,7.6126609442060085,22,6111,0.3600065455735559,ltv_band=<=70
2007,56,18640,1436,7.703862660944206,17,5956,0.28542646071188715,ltv_band=<=70
2007,57,18640,1449,7.773605150214593,13,5826,0.22313765877102643,ltv_band=<=70
2007,58,18640,1459,7.82725321888412,10,5691,0.17571604287471446,ltv_band=<=70
2007,59,18640,1479,7.934549356223176,20,5521,0.3622532149972831,ltv_band=<=70
2007,60,18640,1490,7.993562231759657,11,5372,0.20476545048399106,ltv_band=<=70
2008,1,20870,3,0.014374700527072353,2,20844,0.009595087315294569,ltv_band=<=70
2008,2,20870,5,0.023957834211787255,2,20763,0.009632519385445263,ltv_band=<=70
2008,3,20870,21,0.10062290368950647,16,20604,0.07765482430596,ltv_band=<=70
2008,4,20870,41,0.1964542405366555,20,20358,0.09824147755182237,ltv_band=<=70
2008,5,20870,55,0.2635361763296598,14,19959,0.07014379477929757,ltv_band=<=70
2008,6,20870,75,0.3593675131768088,20,19533,0.10239082578200993,ltv_band=<=70
2008,7,20870,97,0.46478198370867274,22,19127,0.11502065143514403,ltv_band=<=70
2008,8,20870,120,0.5749880210828942,23,18702,0.12298149930488718,ltv_band=<=70
2008,9,20870,147,0.7043603258265453,27,18276,0.14773473407747867,ltv_band=<=70
2008,10,20870,166,0.7954000958313369,19,17869,0.10632939728020595,ltv_band=<=70
2008,11,20870,187,0.8960229995208433,21,17409,0.12062726176115803,ltv_band=<=70
2008,12,20870,213,1.020603737422137,26,16901,0.15383705106206733,ltv_band=<=70
2008,13,20870,241,1.1547676090081456,28,16464,0.17006802721088435,ltv_band=<=70
2008,14,20870,283,1.3560134163871587,42,16035,0.26192703461178674,ltv_band=<=70
2008,15,20870,311,1.4901772879731672,28,15619,0.17926883923426595,ltv_band=<=70
2008,16,20870,335,1.605174892189746,24,15277,0.1570989068534398,ltv_band=<=70
2008,17,20870,364,1.7441303306181122,29,14962,0.19382435503274964,ltv_band=<=70
2008,18,20870,390,1.868711068519406,26,14627,0.17775346961099336,ltv_band=<=70
2008,19,20870,411,1.9693339722089123,21,14309,0.1467607799287162,ltv_band=<=70
2008,20,20870,432,2.0699568758984186,21,13985,0.15016088666428315,ltv_band=<=70
2008,21,20870,458,2.1945376137997124,26,13606,0.19109216522122593,ltv_band=<=70
2008,22,20870,483,2.3143267848586486,25,13224,0.18905021173623715,ltv_band=<=70
2008,23,20870,517,2.4772400574988023,34,12877,0.2640366545002718,ltv_band=<=70
2008,24,20870,538,2.5778629611883086,21,12490,0.16813450760608487,ltv_band=<=70
2008,25,20870,562,2.6928605654048874,24,12147,0.1975796492961225,ltv_band=<=70
2008,26,20870,584,2.798275035936751,22,11785,0.18667798048366568,ltv_band=<=70
2008,27,20870,598,2.8653569717297556,14,11490,0.12184508268059181,ltv_band=<=70
2008,28,20870,603,2.889314805941543,5,11140,0.04488330341113106,ltv_band=<=70
2008,29,20870,626,2.9995208433157643,23,10807,0.212825020819839,ltv_band=<=70
2008,30,20870,642,3.0761859127934836,16,10432,0.15337423312883436,ltv_band=<=70
2008,31,20870,655,3.1384762817441305,13,10058,0.1292503479817061,ltv_band=<=70
2008,32,20870,666,3.1911835170100624,11,9708,0.11330861145447053,ltv_band=<=70
2008,33,20870,685,3.2822232870148538,19,9378,0.20260183407976115,ltv_band=<=70
2008,34,20870,697,3.339722089123143,12,9111,0.1317089232795522,ltv_band=<=70
2008,35,20870,712,3.411595591758505,15,8837,0.1697408622835804,ltv_band=<=70
2008,36,20870,725,3.473885960709152,13,8634,0.1505675237433403,ltv_band=<=70
2008,37,20870,739,3.5409678965021563,14,8446,0.1657589391427895,ltv_band=<=70
2008,38,20870,750,3.593675131768088,11,8244,0.1334303736050461,ltv_band=<=70
2008,39,20870,762,3.6511739338763776,12,8042,0.14921661278288983,ltv_band=<=70
2008,40,20870,778,3.727839003354097,16,7846,0.20392556716798368,ltv_band=<=70
2008,41,20870,791,3.790129372304744,13,7637,0.1702239099122692,ltv_band=<=70
2008,42,20870,807,3.8667944417824627,16,7417,0.21572064176890926,ltv_band=<=70
2008,43,20870,815,3.9051269765213226,8,7207,0.11100319134175107,ltv_band=<=70
2008,44,20870,825,3.953042644944897,10,7017,0.14251104460595695,ltv_band=<=70
2008,45,20870,838,4.015333013895543,13,6780,0.19174041297935104,ltv_band=<=70
2008,46,20870,845,4.048873981792046,7,6553,0.10682130321989929,ltv_band=<=70
2008,47,20870,856,4.101581217057978,11,6371,0.17265735363365248,ltv_band=<=70
2008,48,20870,862,4.130330618112123,6,6183,0.09704027171276079,ltv_band=<=70
2008,49,20870,871,4.17345471969334,9,6001,0.14997500416597234,ltv_band=<=70
2008,50,20870,883,4.230953521801629,12,5836,0.20562028786840303,ltv_band=<=70
2008,51,20870,894,4.283660757067561,11,5645,0.19486271036315322,ltv_band=<=70
2008,52,20870,902,4.321993291806421,8,5462,0.14646649578908824,ltv_band=<=70
2008,53,20870,911,4.365117393387638,9,5262,0.17103762827822122,ltv_band=<=70
2008,54,20870,917,4.393866794441783,6,5080,0.11811023622047244,ltv_band=<=70
2008,55,20870,927,4.441782462865357,10,4892,0.2044153720359771,ltv_band=<=70
2008,56,20870,932,4.4657402970771445,5,4707,0.10622477161674103,ltv_band=<=70
2008,57,20870,939,4.499281264973646,7,4540,0.15418502202643172,ltv_band=<=70
2008,58,20869,949,4.5474148258181994,11,4389,0.2506265664160401,ltv_band=<=70
2008,59,20869,954,4.571373808040635,5,4217,0.11856770215793218,ltv_band=<=70
2008,60,20869,964,4.6192917724855045,10,4065,0.24600246002460024,ltv_band=<=70
2010,1,23465,0,0.0,0,23456,0.0,ltv_band=<=70
2010,2,23465,0,0.0,0,23428,0.0,ltv_band=<=70
2010,3,23465,3,0.012784998934583422,3,23370,0.012836970474967908,ltv_band=<=70
2010,4,23465,4,0.01704666524611123,1,23261,0.004299041313787026,ltv_band=<=70
2010,5,23465,10,0.04261666311527807,6,23098,0.02597627500216469,ltv_band=<=70
2010,6,23465,11,0.04687832942680588,1,22905,0.004365858982754857,ltv_band=<=70
2010,7,23465,16,0.06818666098444492,5,22708,0.02201867183371499,ltv_band=<=70
2010,8,23465,19,0.08097165991902834,3,22540,0.013309671694764862,ltv_band=<=70
2010,9,23465,26,0.11080332409972299,7,22345,0.031326918773774894,ltv_band=<=70
2010,10,23465,27,0.1150649904112508,1,22134,0.004517936206740761,ltv_band=<=70
2010,11,23465,31,0.13211165565736202,4,21945,0.01822738664843928,ltv_band=<=70
2010,12,23465,38,0.16194331983805668,7,21739,0.03220019320115921,ltv_band=<=70
2010,13,23465,42,0.1789899850841679,4,21477,0.018624575126879917,ltv_band=<=70
2010,14,23465,46,0.19603665033027914,4,21219,0.01885102973749941,ltv_band=<=70
2010,15,23465,55,0.2343916471340294,9,20907,0.04304778303917348,ltv_band=<=70
2010,16,23465,56,0.2386533134455572,1,20602,0.004853897679836909,ltv_band=<=70
2010,17,23465,57,0.242914979757085,1,20283,0.004930237144406646,ltv_band=<=70
2010,18,23465,58,0.24717664606861284,1,19956,0.0050110242533573865,ltv_band=<=70
2010,19,23465,64,0.2727466439377797,6,19595,0.030620056136769585,ltv_band=<=70
2010,20,23465,70,0.2983166418069465,6,19195,0.03125814014066163,ltv_band=<=70
2010,21,23465,74,0.31536330705305776,4,18786,0.021292451825827743,ltv_band=<=70
2010,22,23465,78,0.33240997229916897,4,18385,0.021756867011150396,ltv_band=<=70
2010,23,23465,81,0.3451949712337524,3,17980,0.01668520578420467,ltv_band=<=70
2010,24,23465,86,0.3665033027913914,5,17517,0.028543700405320546,ltv_band=<=70
2010,25,23465,90,0.3835499680375027,4,17041,0.023472800891966433,ltv_band=<=70
2010,26,23465,91,0.3878116343490305,1,16619,0.006017209218364523,ltv_band=<=70
2010,27,23465,96,0.4091199659066695,5,16206,0.030852770578797976,ltv_band=<=70
2010,28,23465,103,0.43895163008736415,7,15775,0.044374009508716325,ltv_band=<=70
2010,29,23465,106,0.45173662902194756,3,15370,0.01951854261548471,ltv_band=<=70
2010,30,23465,109,0.464521627956531,3,14976,0.020032051282051284,ltv_band=<=70
2010,31,23465,115,0.4900916258256979,6,14609,0.041070572934492434,ltv_band=<=70
2010,32,23465,120,0.5113999573833369,5,14274,0.03502872355331372,ltv_band=<=70
2010,33,23465,126,0.5369699552525037,6,13944,0.043029259896729774,ltv_band=<=70
2010,34,23465,130,0.554016620498615,4,13655,0.02929329915781765,ltv_band=<=70
2010,35,23464,135,0.5753494715308558,5,13362,0.0374195479718605,ltv_band=<=70
2010,36,23464,137,0.583873167405387,2,13098,0.015269506794930525,ltv_band=<=70
2010,37,23464,142,0.605182407091715,5,12861,0.03887722572117254,ltv_band=<=70
2010,38,23464,146,0.6222297988407773,4,12648,0.031625553447185324,ltv_band=<=70
2010,39,23464,146,0.6222297988407773,0,12437,0.0,ltv_band=<=70
2010,40,23464,151,0.6435390385271054,5,12255,0.04079967360261118,ltv_band=<=70
2010,41,23464,153,0.6520627344016365,2,12077,0.016560404073859402,ltv_band=<=70
2010,42,23464,154,0.6563245823389021,1,11944,0.008372404554588079,ltv_band=<=70
2010,43,23464,157,0.669110126150699,3,11813,0.025395750444425633,ltv_band=<=70
2010,44,23464,160,0.6818956699624957,3,11692,0.02565856996236743,ltv_band=<=70
2010,45,23464,162,0.6904193658370269,2,11571,0.01728459078731311,ltv_band=<=70
2010,46,23464,165,0.7032049096488238,3,11445,0.02621231979030144,ltv_band=<=70
2010,47,23464,170,0.7245141493351517,5,11323,0.04415790868144485,ltv_band=<=70
2010,48,23464,175,0.7458233890214797,5,11192,0.044674767691208005,ltv_band=<=70
2010,49,23464,176,0.7500852369587453,1,11066,0.009036688957166094,ltv_band=<=70
2010,50,23464,180,0.7671326287078077,4,10951,0.036526344626061545,ltv_band=<=70
2010,51,23464,182,0.7756563245823389,2,10840,0.01845018450184502,ltv_band=<=70
2010,52,23464,185,0.7884418683941357,3,10708,0.028016436309301458,ltv_band=<=70
2010,53,23464,185,0.7884418683941357,0,10588,0.0,ltv_band=<=70
2010,54,23464,186,0.7927037163314012,1,10460,0.009560229445506692,ltv_band=<=70
2010,55,23464,190,0.8097511080804637,4,10332,0.03871467286101433,ltv_band=<=70
2010,56,23464,195,0.8310603477667917,5,10198,0.049029221415963914,ltv_band=<=70
2010,57,23464,197,0.8395840436413229,2,10055,0.019890601690701143,ltv_band=<=70
2010,58,23464,200,0.8523695874531196,3,9921,0.03023888720895071,ltv_band=<=70
2010,59,23464,203,0.8651551312649165,3,9790,0.030643513789581207,ltv_band=<=70
2010,60,23464,204,0.8694169792021821,1,9674,0.010336985734959685,ltv_band=<=70
2012,1,19531,0,0.0,0,19526,0.0,ltv_band=<=70
2012,2,19531,1,0.005120065536838871,1,19510,0.005125576627370579,ltv_band=<=70
2012,3,19531,3,0.015360196610516614,2,19466,0.010274324463166546,ltv_band=<=70
2012,4,19531,7,0.035840458757872104,4,19417,0.020600504712365453,ltv_band=<=70
2012,5,19531,9,0.04608058983154984,2,19331,0.010346076250581968,ltv_band=<=70
2012,6,19531,9,0.04608058983154984,0,19192,0.0,ltv_band=<=70
2012,7,19531,12,0.06144078644206646,3,19047,0.015750511891636478,ltv_band=<=70
2012,8,19531,15,0.07680098305258308,3,18871,0.015897408722378253,ltv_band=<=70
2012,9,19531,17,0.08704111412626081,2,18685,0.010703773080010704,ltv_band=<=70
2012,10,19531,18,0.09216117966309968,1,18536,0.00539490720759603,ltv_band=<=70
2012,11,19531,20,0.10240131073677743,2,18403,0.010867793294571538,ltv_band=<=70
2012,12,19531,23,0.11776150734729404,3,18272,0.016418563922942206,ltv_band=<=70
2012,13,19531,25,0.1280016384209718,2,18155,0.01101624896722666,ltv_band=<=70
2012,14,19531,27,0.13824176949464953,2,18051,0.011079718575148192,ltv_band=<=70
2012,15,19531,28,0.14336183503148842,1,17951,0.005570720294134032,ltv_band=<=70
2012,16,19531,32,0.16384209717884388,4,17850,0.022408963585434174,ltv_band=<=70
2012,17,19531,34,0.17408222825252162,2,17758,0.011262529564140106,ltv_band=<=70
2012,18,19531,34,0.17408222825252162,0,17663,0.0,ltv_band=<=70
2012,19,19531,36,0.18432235932619936,2,17589,0.011370743078060151,ltv_band=<=70
2012,20,19531,36,0.18432235932619936,0,17507,0.0,ltv_band=<=70
2012,21,19531,38,0.1945624903998771,2,17417,0.011483033817534592,ltv_band=<=70
2012,22,19531,39,0.199682555936716,1,17337,0.005768010613139528,ltv_band=<=70
2012,23,19531,43,0.22016281808407148,4,17251,0.023187061619616253,ltv_band=<=70
2012,24,19531,44,0.22528288362091034,1,17145,0.0058326042578011085,ltv_band=<=70
2012,25,19531,45,0.23040294915774923,1,17059,0.00586200832405182,ltv_band=<=70
2012,26,19531,49,0.2508832113051047,4,16965,0.02357795461243737,ltv_band=<=70
2012,27,19531,49,0.2508832113051047,0,16870,0.0,ltv_band=<=70
2012,28,19531,49,0.2508832113051047,0,16777,0.0,ltv_band=<=70
2012,29,19531,56,0.28672367006297683,7,16680,0.04196642685851319,ltv_band=<=70
2012,30,19531,57,0.2918437355998157,1,16576,0.006032818532818533,ltv_band=<=70
2012,31,19531,59,0.3020838666734934,2,16463,0.012148454109214602,ltv_band=<=70
2012,32,19531,59,0.3020838666734934,0,16333,0.0,ltv_band=<=70
2012,33,19531,60,0.3072039322103323,1,16217,0.006166368625516433,ltv_band=<=70
2012,34,19531,60,0.3072039322103323,0,16099,0.0,ltv_band=<=70
2012,35,19531,61,0.3123239977471712,1,15976,0.006259389083625438,ltv_band=<=70
2012,36,19531,64,0.32768419435768775,3,15859,0.018916703449145596,ltv_band=<=70
2012,37,19531,66,0.3379243254313655,2,15736,0.012709710218607015,ltv_band=<=70
2012,38,19531,67,0.3430443909682044,1,15621,0.006401638819537802,ltv_band=<=70
2012,39,19531,67,0.3430443909682044,0,15507,0.0,ltv_band=<=70
2012,40,19531,73,0.37376478418923764,6,15386,0.038996490315871574,ltv_band=<=70
2012,41,19531,74,0.3788848497260765,1,15266,0.0065505043888379405,ltv_band=<=70
2012,42,19531,74,0.3788848497260765,0,15163,0.0,ltv_band=<=70
2012,43,19531,75,0.38400491526291536,1,15027,0.006654688227856525,ltv_band=<=70
2012,44,19531,75,0.38400491526291536,0,14904,0.0,ltv_band=<=70
2012,45,19531,76,0.3891249807997542,1,14772,0.006769564040075819,ltv_band=<=70
2012,46,19531,76,0.3891249807997542,0,14643,0.0,ltv_band=<=70
2012,47,19531,78,0.399365111873432,2,14532,0.013762730525736306,ltv_band=<=70
2012,48,19531,79,0.40448517741027085,1,14391,0.006948787436592315,ltv_band=<=70
2012,49,19531,81,0.4147253084839486,2,14250,0.014035087719298246,ltv_band=<=70
2012,50,19531,82,0.4198453740207875,1,14121,0.007081651441116069,ltv_band=<=70
2012,51,19531,84,0.4300855050944652,2,14001,0.014284693950432113,ltv_band=<=70
2012,52,19531,84,0.4300855050944652,0,13876,0.0,ltv_band=<=70
2012,53,19531,85,0.4352055706313041,1,13748,0.007273785277858598,ltv_band=<=70
2012,54,19531,88,0.4505657672418207,3,13612,0.022039377020276227,ltv_band=<=70
2012,55,19531,89,0.4556858327786596,1,13461,0.007428868583314761,ltv_band=<=70
2012,56,19531,91,0.4659259638523373,2,13332,0.015001500150015001,ltv_band=<=70
2012,57,19531,94,0.48128616046285394,3,13210,0.022710068130204392,ltv_band=<=70
2012,58,19530,94,0.48131080389144903,0,13103,0.0,ltv_band=<=70
2012,59,19530,95,0.4864311315924219,1,12993,0.007696451935657662,ltv_band=<=70
2012,60,19530,97,0.49667178699436765,2,12874,0.015535187199005748,ltv_band=<=70
2015,1,17083,2,0.011707545513083182,1,17076,0.005856172405715624,ltv_band=<=70
2015,2,17083,2,0.011707545513083182,0,17060,0.0,ltv_band=<=70
2015,3,17083,4,0.023415091026166363,2,17033,0.011741912757588211,ltv_band=<=70
2015,4,17083,6,0.03512263653924955,2,16993,0.011769552168539987,ltv_band=<=70
2015,5,17083,11,0.0643915003219575,5,16933,0.02952814031772279,ltv_band=<=70
2015,6,17083,14,0.08195281859158228,3,16839,0.017815784785319793,ltv_band=<=70
2015,7,17083,16,0.09366036410466545,2,16736,0.011950286806883365,ltv_band=<=70
2015,8,17083,18,0.10536790961774864,2,16612,0.012039489525644112,ltv_band=<=70
2015,9,17083,19,0.11122168237429023,1,16476,0.006069434328720563,ltv_band=<=70
2015,10,17083,21,0.12292922788737341,2,16342,0.012238404112103782,ltv_band=<=70
2015,11,17083,25,0.14634431891353977,4,16232,0.02464268112370626,ltv_band=<=70
2015,12,17082,29,0.16976934785153963,4,16090,0.024860161591050343,ltv_band=<=70
2015,13,17080,34,0.1990632318501171,5,15939,0.03136959658698789,ltv_band=<=70
2015,14,17080,34,0.1990632318501171,0,15777,0.0,ltv_band=<=70
2015,15,17080,36,0.2107728337236534,2,15633,0.012793449753726092,ltv_band=<=70
2015,16,17080,37,0.21662763466042154,1,15502,0.006450780544445878,ltv_band=<=70
2015,17,17079,41,0.2400608934949353,4,15346,0.026065424214779094,ltv_band=<=70
2015,18,17079,43,0.2517711809824931,2,15207,0.013151837969356218,ltv_band=<=70
2015,19,17079,45,0.26348146847005094,2,15073,0.013268758707622902,ltv_band=<=70
2015,20,17079,47,0.27519175595760875,2,14938,0.013388673182487616,ltv_band=<=70
2015,21,17078,50,0.29277432954678534,3,14832,0.020226537216828478,ltv_band=<=70
2015,22,17077,56,0.32792645078175325,6,14704,0.040805223068552776,ltv_band=<=70
2015,23,17077,61,0.3572055981729812,5,14583,0.03428649797709662,ltv_band=<=70
2015,24,17077,69,0.40405223399894596,8,14472,0.055279159756771695,ltv_band=<=70
2015,25,17077,74,0.4333313813901739,5,14358,0.03482379161443098,ltv_band=<=70
2015,26,17077,76,0.4450430403466651,2,14224,0.0140607424071991,ltv_band=<=70
2015,27,17077,84,0.49188967617262985,8,14113,0.05668532558633883,ltv_band=<=70
2015,28,17077,88,0.5153129940856123,4,14014,0.028542885685742828,ltv_band=<=70
2015,29,17077,91,0.532880482520349,3,13909,0.021568768423323028,ltv_band=<=70
2015,30,17077,95,0.5563038004333314,4,13800,0.028985507246376812,ltv_band=<=70
2015,31,17077,101,0.5914387773028049,6,13698,0.043802014892685065,ltv_band=<=70
2015,32,17077,107,0.6265737541722785,6,13577,0.044192384179126465,ltv_band=<=70
2015,33,17076,107,0.6266104474115718,0,13453,0.0,ltv_band=<=70
2015,34,17076,110,0.6441789646287187,3,13349,0.022473593527605064,ltv_band=<=70
2015,35,17075,112,0.6559297218155198,2,13248,0.015096618357487922,ltv_band=<=70
2015,36,17073,120,0.7028641714988578,8,13140,0.060882800608828,ltv_band=<=70
2015,37,17068,124,0.7265057417389267,4,13033,0.030691322028696386,ltv_band=<=70
2015,38,17066,125,0.732450486347123,1,12935,0.007730962504831852,ltv_band=<=70
2015,39,17063,126,0.7384398991970931,1,12835,0.007791195948578107,ltv_band=<=70
2015,40,17060,128,0.7502930832356389,2,12723,0.015719562996148708,ltv_band=<=70
2015,41,17058,132,0.7738304607808653,4,12629,0.03167313326470821,ltv_band=<=70
2015,42,17056,135,0.7915103189493433,3,12540,0.023923444976076555,ltv_band=<=70
2015,43,17054,136,0.7974668699425355,1,12442,0.008037293039704227,ltv_band=<=70
2015,44,17053,139,0.8151058464786255,3,12355,0.024281667341157425,ltv_band=<=70
2015,45,17051,139,0.8152014544601489,0,12258,0.0,ltv_band=<=70
2015,46,16990,140,0.824014125956445,2,12116,0.01650709805216243,ltv_band=<=70
2015,47,15579,129,0.8280377431157327,3,11040,0.02717391304347826,ltv_band=<=70
2015,48,14350,117,0.8153310104529616,0,10095,0.0,ltv_band=<=70
2015,49,12871,108,0.8390956413643074,4,9021,0.044340982152754685,ltv_band=<=70
2015,50,11482,101,0.8796376937815712,1,8031,0.012451749470800648,ltv_band=<=70
2015,51,10110,86,0.8506429277942631,0,7045,0.0,ltv_band=<=70
2015,52,8717,67,0.7686130549500975,0,6041,0.0,ltv_band=<=70
2018,1,14244,0,0.0,0,14231,0.0,ltv_band=<=70
2018,2,14242,0,0.0,0,14202,0.0,ltv_band=<=70
2018,3,14239,1,0.007022965095863473,1,14161,0.00706164818868724,ltv_band=<=70
2018,4,14235,2,0.014049877063575694,1,14106,0.00708918190840777,ltv_band=<=70
2018,5,14233,6,0.04215555399423874,4,14045,0.02847988608045568,ltv_band=<=70
2018,6,14232,7,0.0491849353569421,1,13934,0.0071766901105210276,ltv_band=<=70
2018,7,14230,11,0.07730147575544624,4,13789,0.029008630067445064,ltv_band=<=70
2018,8,14230,15,0.10541110330288124,4,13611,0.029387995004040848,ltv_band=<=70
2018,9,14229,21,0.14758591608686486,6,13429,0.04467942512473006,ltv_band=<=70
2018,10,14211,25,0.1759200619238618,4,13202,0.030298439630359036,ltv_band=<=70
2018,11,13152,20,0.15206812652068127,1,12120,0.00825082508250825,ltv_band=<=70
2018,12,11954,25,0.20913501756734149,6,10966,0.05471457231442641,ltv_band=<=70
2018,13,10592,26,0.24546827794561935,6,9624,0.06234413965087282,ltv_band=<=70
2018,14,9544,24,0.2514668901927913,0,8602,0.0,ltv_band=<=70
2018,15,8358,24,0.2871500358937545,4,7446,0.05372011818426001,ltv_band=<=70
2018,16,7239,25,0.34535156789611826,2,6396,0.031269543464665414,ltv_band=<=70
2005,1,22027,5,0.022699414355109637,5,22009,0.022717979008587397,ltv_band=71-80
2005,2,22027,9,0.04085894583919735,4,21952,0.018221574344023325,ltv_band=71-80
2005,3,22027,34,0.15435601761474554,25,21890,0.11420740063956145,ltv_band=71-80
2005,4,22027,66,0.2996322694874472,32,21782,0.14691029290239646,ltv_band=71-80
2005,5,22027,88,0.39950969264992964,22,21667,0.10153689943231643,ltv_band=71-80
2005,6,22027,113,0.5130067644254778,25,21533,0.1161008684344959,ltv_band=71-80
2005,7,22027,143,0.6492032505561357,30,21395,0.14021967749474176,ltv_band=71-80
2005,8,22027,163,0.7400009079765743,20,21258,0.0940822278671559,ltv_band=71-80
2005,9,22027,186,0.8444182140100785,23,21134,0.10882937446768241,ltv_band=71-80
2005,10,22027,207,0.939755754301539,21,20987,0.10006194310763807,ltv_band=71-80
2005,11,22027,227,1.0305534117219777,20,20834,0.09599692809830085,ltv_band=71-80
2005,12,22027,247,1.1213510691424162,20,20662,0.09679605072113058,ltv_band=71-80
2005,13,22027,266,1.2076088436918329,19,20506,0.09265580805617868,ltv_band=71-80
2005,14,22027,286,1.2984065011122714,20,20337,0.09834292176820573,ltv_band=71-80
2005,15,22027,303,1.375584509919644,17,20178,0.08425017345623947,ltv_band=71-80
2005,16,22027,326,1.4800018159531485,23,20010,0.11494252873563218,ltv_band=71-80
2005,17,22027,341,1.5481000590184772,15,19841,0.07560102817398316,ltv_band=71-80
2005,18,22027,357,1.6207381849548281,16,19680,0.08130081300813008,ltv_band=71-80
2005,19,22027,372,1.688836428020157,15,19517,0.07685607419173028,ltv_band=71-80
2005,20,22027,390,1.7705543196985518,18,19351,0.09301844865898404,ltv_band=71-80
2005,21,22027,418,1.8976710400871657,28,19194,0.14587892049598833,ltv_band=71-80
2005,22,22027,436,1.9793889317655604,18,19014,0.09466708740927737,ltv_band=71-80
2005,23,22027,462,2.0974258864121307,26,18876,0.13774104683195593,ltv_band=71-80
2005,24,22027,480,2.179143778090525,18,18711,0.0962000962000962,ltv_band=71-80
2005,25,22027,500,2.269941435510964,20,18546,0.10783996549121104,ltv_band=71-80
2005,26,22027,518,2.3516593271893584,18,18373,0.09796984705818321,ltv_band=71-80
2005,27,22027,540,2.451536750351841,22,18222,0.12073317967292284,ltv_band=71-80
2005,28,22027,563,2.555954056385345,23,18042,0.12748032368916973,ltv_band=71-80
2005,29,22027,580,2.633132065192718,17,17883,0.09506234971760891,ltv_band=71-80
2005,30,22027,608,2.760248785581332,28,17725,0.15796897038081806,ltv_band=71-80
2005,31,22027,626,2.8419666772597267,18,17543,0.10260502764635467,ltv_band=71-80
2005,32,22027,644,2.9236845689381212,18,17438,0.1032228466567267,ltv_band=71-80
2005,33,22027,672,3.0508012893267353,28,17315,0.16170950043315044,ltv_band=71-80
2005,34,22027,689,3.1279792981341084,17,17171,0.09900413487857435,ltv_band=71-80
2005,35,22027,709,3.2187769555545467,20,17035,0.1174053419430584,ltv_band=71-80
2005,36,22027,733,3.327734144459073,24,16892,0.14207909069381955,ltv_band=71-80
2005,37,22027,765,3.4730103963317744,32,16738,0.1911817421436253,ltv_band=71-80
2005,38,22027,792,3.5955872338493666,27,16576,0.16288610038610038,ltv_band=71-80
2005,39,22027,831,3.772642665819222,39,16375,0.2381679389312977,ltv_band=71-80
2005,40,22027,872,3.958777863531121,41,16171,0.2535402881701812,ltv_band=71-80
2005,41,22027,905,4.108593998274845,33,15975,0.20657276995305165,ltv_band=71-80
2005,42,22027,941,4.272029781631634,36,15778,0.22816580048168336,ltv_band=71-80
2005,43,22027,970,4.4036863848912695,29,15559,0.18638729995500997,ltv_band=71-80
2005,44,22027,1004,4.5580424025060156,34,15356,0.22141182599635323,ltv_band=71-80
2005,45,22027,1036,4.703318654378717,32,15153,0.21117930442816604,ltv_band=71-80
2005,46,22027,1080,4.903073500703682,44,14928,0.2947481243301179,ltv_band=71-80
2005,47,22027,1119,5.080128932673537,39,14707,0.2651798463316788,ltv_band=71-80
2005,48,22027,1173,5.325282607708721,54,14458,0.3734956425508369,ltv_band=71-80
2005,49,22027,1217,5.5250374540336855,44,14209,0.3096628897177845,ltv_band=71-80
2005,50,22027,1261,5.724792300358651,44,13998,0.31433061865980855,ltv_band=71-80
2005,51,22027,1315,5.969945975393835,54,13775,0.39201451905626133,ltv_band=71-80
2005,52,22027,1353,6.142461524492668,38,13548,0.28048420431059934,ltv_band=71-80
2005,53,22027,1388,6.301357424978436,35,13366,0.26185844680532694,ltv_band=71-80
2005,54,22027,1435,6.514731919916466,47,13188,0.35638459205338185,ltv_band=71-80
2005,55,22027,1475,6.6963272347573435,40,12975,0.30828516377649323,ltv_band=71-80
2005,56,22027,1515,6.87792254959822,40,12786,0.3128421711246676,ltv_band=71-80
2005,57,22027,1556,7.06405774731012,41,12582,0.325862343029725,ltv_band=71-80
2005,58,22027,1588,7.209333999182821,32,12401,0.25804370615272965,ltv_band=71-80
2005,59,22027,1615,7.3319108367004135,27,12174,0.22178413011335632,ltv_band=71-80
2005,60,22027,1665,7.558904980251509,50,11960,0.4180602006688963,ltv_band=71-80
2006,1,23630,15,0.06347862886161659,13,23612,0.05505675080467559,ltv_band=71-80
2006,2,23630,30,0.12695725772323319,15,23555,0.06368074718743366,ltv_band=71-80
2006,3,23630,80,0.33855268726195514,50,23472,0.21301976823449217,ltv_band=71-80
2006,4,23630,121,0.5120609394837071,41,23315,0.1758524555007506,ltv_band=71-80
2006,5,23630,162,0.6855691917054592,41,23118,0.17735098191885112,ltv_band=71-80
2006,6,23630,204,0.8633093525179856,42,22946,0.18303843807199513,ltv_band=71-80
2006,7,23630,228,0.9648751586965721,24,22755,0.1054713249835201,ltv_band=71-80
2006,8,23630,256,1.0833685992382565,28,22586,0.1239706012574161,ltv_band=71-80
2006,9,23630,284,1.2018620397799407,28,22395,0.12502790801518196,ltv_band=71-80
2006,10,23630,318,1.3457469318662716,34,22218,0.15302907552434963,ltv_band=71-80
2006,11,23630,365,1.5446466356326702,47,22020,0.2134423251589464,ltv_band=71-80
2006,12,23630,390,1.6504443504020314,25,21839,0.11447410595723248,ltv_band=71-80
2006,13,23630,413,1.7477782479898434,23,21662,0.10617671498476595,ltv_band=71-80
2006,14,23630,443,1.8747355057130766,30,21452,0.13984710050344956,ltv_band=71-80
2006,15,23630,488,2.0651713922979265,45,21236,0.2119043134300245,ltv_band=71-80
2006,16,23630,522,2.2090562843842574,34,20978,0.1620745542949757,ltv_band=71-80
2006,17,23630,543,2.2979263647905204,21,20726,0.10132201100067548,ltv_band=71-80
2006,18,23630,572,2.4206517139229793,29,20445,0.14184397163120568,ltv_band=71-80
2006,19,23630,601,2.543377063055438,29,20181,0.14369951934988356,ltv_band=71-80
2006,20,23630,632,2.6745662293694457,31,19912,0.15568501406187224,ltv_band=71-80
2006,21,23630,672,2.843842573000423,40,19640,0.20366598778004075,ltv_band=71-80
2006,22,23630,711,3.0088870080406265,39,19359,0.20145668681233536,ltv_band=71-80
2006,23,23630,752,3.1823952602623784,41,19131,0.21431184987716273,ltv_band=71-80
2006,24,23630,794,3.360135421074905,42,18886,0.2223869532987398,ltv_band=71-80
2006,25,23630,849,3.5928903935674987,55,18671,0.2945744737828718,ltv_band=71-80
2006,26,23630,894,3.7833262801523486,45,18431,0.24415387119526885,ltv_band=71-80
2006,27,23630,946,4.00338552687262,52,18177,0.28607581008967375,ltv_band=71-80
2006,28,23630,1006,4.257300042319086,60,17894,0.3353079244439477,ltv_band=71-80
2006,29,23630,1060,4.485823106220906,54,17575,0.30725462304409673,ltv_band=71-80
2006,30,23630,1117,4.727041895895049,57,17251,0.3304156280795316,ltv_band=71-80
2006,31,23630,1172,4.9597968683876426,55,16872,0.3259838786154576,ltv_band=71-80
2006,32,23630,1236,5.230639018197207,64,16507,0.38771430302295995,ltv_band=71-80
2006,33,23630,1310,5.543800253914515,74,16130,0.4587724736515809,ltv_band=71-80
2006,34,23630,1381,5.844265763859501,71,15746,0.4509081671535628,ltv_band=71-80
2006,35,23630,1452,6.144731273804486,71,15332,0.46308374641273153,ltv_band=71-80
2006,36,23630,1516,6.41557342361405,64,14939,0.42840886270834727,ltv_band=71-80
2006,37,23630,1592,6.737198476512908,76,14547,0.5224444902729085,ltv_band=71-80
2006,38,23630,1651,6.9868810833685995,59,14149,0.41699060004240585,ltv_band=71-80
2006,39,23630,1726,7.304274227676682,75,13797,0.5435964340073929,ltv_band=71-80
2006,40,23630,1800,7.61743546339399,74,13448,0.5502676977989293,ltv_band=71-80
2006,41,23630,1872,7.92213288192975,72,13080,0.5504587155963303,ltv_band=71-80
2006,42,23630,1930,8.167583580194668,58,12792,0.4534083802376485,ltv_band=71-80
2006,43,23630,2010,8.506136267456624,80,12523,0.6388245628044398,ltv_band=71-80
2006,44,23630,2072,8.768514600084638,62,12208,0.5078636959370905,ltv_band=71-80
2006,45,23630,2134,9.030892932712653,62,11937,0.5193934824495267,ltv_band=71-80
2006,46,23630,2185,9.24672027084215,51,11655,0.4375804375804376,ltv_band=71-80
2006,47,23630,2239,9.47524333474397,54,11358,0.4754358161648177,ltv_band=71-80
2006,48,23630,2277,9.636055861193398,38,11056,0.34370477568740954,ltv_band=71-80
2006,49,23630,2327,9.84765129073212,50,10795,0.4631773969430292,ltv_band=71-80
2006,50,23630,2373,10.042319085907744,46,10531,0.4368056214984332,ltv_band=71-80
2006,51,23630,2429,10.279305966991114,56,10265,0.5455431076473454,ltv_band=71-80
2006,52,23630,2480,10.495133305120609,51,10017,0.5091344713986223,ltv_band=71-80
2006,53,23630,2508,10.613626745662295,28,9760,0.28688524590163933,ltv_band=71-80
2006,54,23630,2544,10.765975454930173,36,9551,0.37692388231598783,ltv_band=71-80
2006,55,23630,2585,10.939483707151926,41,9314,0.44019755207214945,ltv_band=71-80
2006,56,23630,2632,11.138383410918324,47,9096,0.5167106420404574,ltv_band=71-80
2006,57,23630,2673,11.311891663140075,41,8856,0.46296296296296297,ltv_band=71-80
2006,58,23630,2718,11.502327549724926,45,8636,0.5210745715609079,ltv_band=71-80
2006,59,23630,2765,11.701227253491325,47,8444,0.556608242539081,ltv_band=71-80
2006,60,23630,2798,11.840880236986882,33,8238,0.40058266569555717,ltv_band=71-80
2007,1,21583,16,0.07413241903349858,16,21568,0.07418397626112759,ltv_band=71-80
2007,2,21583,27,0.12509845711902887,11,21497,0.051169930688002976,ltv_band=71-80
2007,3,21583,77,0.35676226659871196,50,21417,0.23345940141009477,ltv_band=71-80
2007,4,21583,127,0.588426076078395,50,21247,0.2353273403303996,ltv_band=71-80
2007,5,21583,169,0.7830236760413288,42,21030,0.19971469329529243,ltv_band=71-80
2007,6,21583,215,0.9961543807626373,46,20819,0.2209520149863106,ltv_band=71-80
2007,7,21583,250,1.1583190473984155,35,20627,0.1696805158287681,ltv_band=71-80
2007,8,21583,283,1.3112171616550063,33,20413,0.16166168618037524,ltv_band=71-80
2007,9,21583,330,1.5289811425659083,47,20213,0.2325236234106763,ltv_band=71-80
2007,10,21583,378,1.751378399666404,48,20011,0.23986807256009196,ltv_band=71-80
2007,11,21583,422,1.9552425520085253,44,19828,0.22190841234617711,ltv_band=71-80
2007,12,21583,471,2.1822730852986147,49,19631,0.249605216239621,ltv_band=71-80
2007,13,21583,521,2.4139368947782978,50,19435,0.2572678157962439,ltv_band=71-80
2007,14,21583,582,2.696566742343511,61,19214,0.31747683980430935,ltv_band=71-80
2007,15,21583,642,2.974563313719131,60,18981,0.316105579263474,ltv_band=71-80
2007,16,21583,708,3.2803595422323126,66,18703,0.35288456397369405,ltv_band=71-80
2007,17,21583,758,3.5120233517119956,50,18394,0.27182776992497554,ltv_band=71-80
2007,18,21583,815,3.7761200945188342,57,18097,0.31496933193346965,ltv_band=71-80
2007,19,21583,874,4.04948338970486,59,17731,0.3327505498843833,ltv_band=71-80
2007,20,21583,949,4.396979103924385,75,17410,0.43078690407811604,ltv_band=71-80
2007,21,21583,1022,4.735208265764722,73,17048,0.4282027217268888,ltv_band=71-80
2007,22,21583,1099,5.091970532363434,77,16685,0.46149235840575364,ltv_band=71-80
2007,23,21583,1158,5.365333827549461,59,16297,0.3620298214395287,ltv_band=71-80
2007,24,21583,1245,5.768428856044109,87,15910,0.5468258956631049,ltv_band=71-80
2007,25,21583,1339,6.203956817865913,94,15505,0.6062560464366333,ltv_band=71-80
2007,26,21583,1403,6.500486493999907,64,15097,0.4239252831688415,ltv_band=71-80
2007,27,21583,1473,6.824815827271464,70,14746,0.4747050047470501,ltv_band=71-80
2007,28,21583,1563,7.241810684334893,90,14435,0.6234845860755109,ltv_band=71-80
2007,29,21583,1646,7.626372608071167,83,14104,0.5884855360181509,ltv_band=71-80
2007,30,21583,1715,7.946068665153129,69,13814,0.49949326769943536,ltv_band=71-80
2007,31,21583,1777,8.233331788907936,62,13535,0.45807166605097893,ltv_band=71-80
2007,32,21583,1852,8.58082750312746,75,13237,0.566593639042079,ltv_band=71-80
2007,33,21583,1920,8.895890284019831,68,12943,0.5253805145638569,ltv_band=71-80
2007,34,21583,1981,9.178520131585044,61,12635,0.482785912148793,ltv_band=71-80
2007,35,21583,2040,9.45188342677107,59,12325,0.4787018255578093,ltv_band=71-80
2007,36,21583,2091,9.688180512440347,51,12042,0.4235176880916791,ltv_band=71-80
2007,37,21583,2155,9.984710188574342,64,11763,0.5440788914392587,ltv_band=71-80
2007,38,21583,2199,10.188574340916462,44,11471,0.3835759741957981,ltv_band=71-80
2007,39,21583,2251,10.429504702775333,52,11187,0.46482524358630556,ltv_band=71-80
2007,40,21583,2306,10.684334893202983,55,10913,0.503986071657656,ltv_band=71-80
2007,41,21583,2354,10.90673215030348,48,10625,0.45176470588235296,ltv_band=71-80
2007,42,21583,2415,11.189361997868692,61,10373,0.5880651691892413,ltv_band=71-80
2007,43,21583,2463,11.411759254969189,48,10085,0.47595438770451165,ltv_band=71-80
2007,44,21583,2496,11.56465736922578,33,9827,0.3358095044265798,ltv_band=71-80
2007,45,21583,2539,11.763888245378308,43,9609,0.4474971380996982,ltv_band=71-80
2007,46,21583,2577,11.939952740582866,38,9383,0.40498774379196417,ltv_band=71-80
2007,47,21583,2612,12.102117407218644,35,9165,0.3818876159301691,ltv_band=71-80
2007,48,21583,2655,12.301348283371171,43,8993,0.4781496719670855,ltv_band=71-80
2007,49,21583,2685,12.440346569058981,30,8790,0.3412969283276451,ltv_band=71-80
2007,50,21583,2717,12.58861140712598,32,8597,0.3722228684424799,ltv_band=71-80
2007,51,21583,2757,12.773942454709726,40,8428,0.47460844803037494,ltv_band=71-80
2007,52,21583,2790,12.926840568966316,33,8227,0.40111826911389326,ltv_band=71-80
2007,53,21583,2824,13.0843719594125,34,8044,0.4226752859273993,ltv_band=71-80
2007,54,21583,2856,13.232636797479497,32,7836,0.40837161817253703,ltv_band=71-80
2007,55,21583,2877,13.329935597460965,21,7631,0.27519329052548813,ltv_band=71-80
2007,56,21583,2911,13.48746698790715,34,7423,0.4580358345682339,ltv_band=71-80
2007,57,21583,2940,13.621831997405366,29,7218,0.40177334441673596,ltv_band=71-80
2007,58,21583,2965,13.737663902145206,25,7011,0.356582513193553,ltv_band=71-80
2007,59,21583,2984,13.825696149747486,19,6790,0.27982326951399117,ltv_band=71-80
2007,60,21583,3014,13.964694435435296,30,6564,0.4570383912248629,ltv_band=71-80
2008,1,20142,5,0.024823751365306325,4,20109,0.019891590829976626,ltv_band=71-80
2008,2,20142,6,0.02978850163836759,1,20038,0.0049905180157700365,ltv_band=71-80
2008,3,20142,39,0.19362526064938934,33,19915,0.16570424303288978,ltv_band=71-80
2008,4,20142,70,0.34753251911428856,31,19658,0.1576966120663343,ltv_band=71-80
2008,5,20142,97,0.4815807764869427,27,19326,0.1397081651660975,ltv_band=71-80
2008,6,20142,131,0.6503822857710257,34,18950,0.17941952506596306,ltv_band=71-80
2008,7,20142,165,0.8191837950551087,34,18559,0.18319952583652135,ltv_band=71-80
2008,8,20142,203,1.0078443054314368,38,18166,0.20918198832984697,ltv_band=71-80
2008,9,20142,244,1.2113990666269487,41,17806,0.23025946310232506,ltv_band=71-80
2008,10,20142,285,1.4149538278224605,41,17439,0.23510522392339012,ltv_band=71-80
2008,11,20142,332,1.64829709065634,47,17056,0.275562851782364,ltv_band=71-80
2008,12,20142,372,1.8468871015787907,40,16695,0.23959269242288112,ltv_band=71-80
2008,13,20142,419,2.08023036441267,47,16302,0.28830818304502515,ltv_band=71-80
2008,14,20142,465,2.308608876973488,46,15913,0.289071828065104,ltv_band=71-80
2008,15,20142,520,2.5816701419918577,55,15591,0.3527676223462254,ltv_band=71-80
2008,16,20142,560,2.7802601529143085,40,15256,0.26219192448872575,ltv_band=71-80
2008,17,20142,602,2.9887796643828817,42,14972,0.28052364413572,ltv_band=71-80
2008,18,20142,663,3.2916294310396186,61,14650,0.41638225255972694,ltv_band=71-80
2008,19,20142,710,3.524972693873498,47,14328,0.3280290340591848,ltv_band=71-80
2008,20,20142,758,3.763280706980439,48,14023,0.3422948013977038,ltv_band=71-80
2008,21,20142,804,3.991659219541257,46,13702,0.335717413516275,ltv_band=71-80
2008,22,20142,843,4.185284480190647,39,13344,0.2922661870503597,ltv_band=71-80
2008,23,20142,881,4.373944990566974,38,13007,0.29215038056431153,ltv_band=71-80
2008,24,20142,918,4.557640750670242,37,12658,0.2923052614947069,ltv_band=71-80
2008,25,20142,956,4.746301261046569,38,12289,0.3092196273089755,ltv_band=71-80
2008,26,20142,986,4.895243769238407,30,11987,0.2502711270543088,ltv_band=71-80
2008,27,20142,1019,5.059080528249429,33,11703,0.2819789797487824,ltv_band=71-80
2008,28,20142,1048,5.203058286168206,29,11396,0.2544752544752545,ltv_band=71-80
2008,29,20142,1084,5.381789295998411,36,11100,0.32432432432432434,ltv_band=71-80
2008,30,20142,1111,5.515837553371066,27,10743,0.2513264451270595,ltv_band=71-80
2008,31,20142,1136,5.639956310197597,25,10453,0.23916578972543767,ltv_band=71-80
2008,32,20142,1164,5.778969317843313,28,10181,0.2750220999901778,ltv_band=71-80
2008,33,20142,1190,5.908052824942906,26,9907,0.2624406984960129,ltv_band=71-80
2008,34,20142,1216,6.037136332042499,26,9652,0.26937422295897223,ltv_band=71-80
2008,35,20142,1245,6.181114089961275,29,9429,0.30756177749496233,ltv_band=71-80
2008,36,20142,1264,6.275444345149439,19,9203,0.20645441703792242,ltv_band=71-80
2008,37,20142,1288,6.39459835170291,24,9025,0.2659279778393352,ltv_band=71-80
2008,38,20142,1323,6.568364611260054,35,8815,0.3970504821327283,ltv_band=71-80
2008,39,20142,1346,6.682553867540463,23,8607,0.267224352271407,ltv_band=71-80
2008,40,20142,1372,6.811637374640056,26,8391,0.30985579787867956,ltv_band=71-80
2008,41,20142,1390,6.901002879555159,18,8176,0.22015655577299412,ltv_band=71-80
2008,42,20142,1418,7.040015887200874,28,7955,0.3519798868636078,ltv_band=71-80
2008,43,20142,1434,7.119451891569854,16,7721,0.20722704312912835,ltv_band=71-80
2008,44,20142,1455,7.223711647304141,21,7487,0.28048617603846665,ltv_band=71-80
2008,45,20142,1471,7.303147651673121,16,7254,0.22056796250344637,ltv_band=71-80
2008,46,20142,1490,7.397477906861285,19,7011,0.27100271002710025,ltv_band=71-80
2008,47,20142,1509,7.491808162049449,19,6778,0.28031867807612865,ltv_band=71-80
2008,48,20142,1528,7.5861384172376125,19,6548,0.29016493585827735,ltv_band=71-80
2008,49,20142,1549,7.690398172971899,21,6313,0.33264691905591637,ltv_band=71-80
2008,50,20142,1559,7.740045675702512,10,6055,0.16515276630883569,ltv_band=71-80
2008,51,20142,1567,7.7797636778870025,8,5806,0.13778849466069584,ltv_band=71-80
2008,52,20142,1580,7.844305431436799,13,5570,0.2333931777378815,ltv_band=71-80
2008,53,20142,1591,7.898917684440472,11,5349,0.20564591512432231,ltv_band=71-80
2008,54,20142,1600,7.943600436898024,9,5134,0.1753019088430074,ltv_band=71-80
2008,55,20142,1611,7.998212689901698,11,4934,0.2229428455614106,ltv_band=71-80
2008,56,20142,1618,8.032965941813126,7,4722,0.14824227022448117,ltv_band=71-80
2008,57,20142,1628,8.082613444543739,10,4516,0.22143489813994685,ltv_band=71-80
2008,58,20142,1637,8.127296197001291,9,4326,0.20804438280166435,ltv_band=71-80
2008,59,20142,1649,8.186873200278026,12,4162,0.28832292167227297,ltv_band=71-80
2008,60,20142,1656,8.221626452189454,7,3991,0.17539463793535454,ltv_band=71-80
2010,1,18112,0,0.0,0,18101,0.0,ltv_band=71-80
2010,2,18112,0,0.0,0,18081,0.0,ltv_band=71-80
2010,3,18112,5,0.027606007067137808,5,18041,0.027714649963970956,ltv_band=71-80
2010,4,18112,7,0.03864840989399293,2,17947,0.011143923775561376,ltv_band=71-80
2010,5,18112,11,0.06073321554770318,4,17829,0.022435358124404062,ltv_band=71-80
2010,6,18112,13,0.0717756183745583,2,17666,0.011321181931393637,ltv_band=71-80
2010,7,18112,15,0.08281802120141343,2,17529,0.01140966398539563,ltv_band=71-80
2010,8,18112,17,0.09386042402826855,2,17411,0.011486990982712079,ltv_band=71-80
2010,9,18112,23,0.1269876325088339,6,17291,0.03470013301717657,ltv_band=71-80
2010,10,18112,30,0.16563604240282687,7,17174,0.04075928729474788,ltv_band=71-80
2010,11,18112,33,0.18219964664310953,3,17060,0.017584994138335287,ltv_band=71-80
2010,12,18112,35,0.19324204946996468,2,16923,0.011818235537434262,ltv_band=71-80
2010,13,18112,40,0.22084805653710246,5,16787,0.0297849526419253,ltv_band=71-80
2010,14,18112,43,0.23741166077738515,3,16640,0.018028846153846152,ltv_band=71-80
2010,15,18112,48,0.26501766784452296,5,16475,0.030349013657056147,ltv_band=71-80
2010,16,18112,55,0.3036660777385159,7,16276,0.04300811010076186,ltv_band=71-80
2010,17,18112,59,0.32575088339222613,4,16058,0.02490970232905717,ltv_band=71-80
2010,18,18112,68,0.3754416961130742,9,15843,0.05680742283658398,ltv_band=71-80
2010,19,18112,75,0.41409010600706714,7,15596,0.04488330341113106,ltv_band=71-80
2010,20,18112,78,0.43065371024734983,3,15353,0.019540155018563148,ltv_band=71-80
2010,21,18112,86,0.4748233215547703,8,15127,0.052885568850399946,ltv_band=71-80
2010,22,18112,89,0.491386925795053,3,14844,0.02021018593371059,ltv_band=71-80
2010,23,18112,94,0.5189929328621908,5,14576,0.034302963776070255,ltv_band=71-80
2010,24,18112,100,0.5521201413427562,6,14241,0.04213187276174426,ltv_band=71-80
2010,25,18112,109,0.6018109540636042,9,13909,0.06470630526996908,ltv_band=71-80
2010,26,18112,116,0.6404593639575972,7,13579,0.05155018778996981,ltv_band=71-80
2010,27,18112,123,0.6791077738515902,7,13265,0.052770448548812667,ltv_band=71-80
2010,28,18112,134,0.7398409893992933,11,12983,0.08472618038974043,ltv_band=71-80
2010,29,18112,139,0.7674469964664311,5,12659,0.03949759064697053,ltv_band=71-80
2010,30,18112,152,0.8392226148409894,13,12343,0.10532285505954792,ltv_band=71-80
2010,31,18112,158,0.8723498233215548,6,12054,0.049776007964161276,ltv_band=71-80
2010,32,18112,162,0.894434628975265,4,11766,0.03399626041135475,ltv_band=71-80
2010,33,18112,167,0.9220406360424028,5,11504,0.043463143254520165,ltv_band=71-80
2010,34,18112,172,0.9496466431095406,5,11250,0.044444444444444446,ltv_band=71-80
2010,35,18112,176,0.9717314487632509,4,11015,0.03631411711302769,ltv_band=71-80
2010,36,18112,179,0.9882950530035336,3,10773,0.0278473962684489,ltv_band=71-80
2010,37,18112,183,1.010379858657244,4,10581,0.03780361024477838,ltv_band=71-80
2010,38,18112,189,1.0435070671378093,6,10404,0.05767012687427912,ltv_band=71-80
2010,39,18112,196,1.082155477031802,7,10249,0.06829934627768562,ltv_band=71-80
2010,40,18112,202,1.1152826855123674,6,10100,0.0594059405940594,ltv_band=71-80
2010,41,18112,205,1.1318462897526502,3,9971,0.030087253033798014,ltv_band=71-80
2010,42,18112,207,1.1428886925795052,2,9866,0.020271639975674032,ltv_band=71-80
2010,43,18112,210,1.159452296819788,3,9771,0.030703101013202335,ltv_band=71-80
2010,44,18112,213,1.1760159010600706,3,9674,0.031010957204879057,ltv_band=71-80
2010,45,18112,215,1.1870583038869258,2,9588,0.020859407592824362,ltv_band=71-80
2010,46,18112,219,1.209143109540636,4,9504,0.04208754208754209,ltv_band=71-80
2010,47,18112,224,1.2367491166077738,5,9385,0.05327650506126798,ltv_band=71-80
2010,48,18112,229,1.2643551236749118,5,9279,0.05388511693070374,ltv_band=71-80
2010,49,18112,233,1.286439929328622,4,9175,0.043596730245231606,ltv_band=71-80
2010,50,18112,237,1.3085247349823321,4,9079,0.04405771560744575,ltv_band=71-80
2010,51,18112,245,1.3526943462897527,8,8970,0.08918617614269789,ltv_band=71-80
2010,52,18112,251,1.385821554770318,6,8867,0.06766662907409496,ltv_band=71-80
2010,53,18112,253,1.396863957597173,2,8751,0.022854530910753058,ltv_band=71-80
2010,54,18112,256,1.4134275618374559,3,8629,0.034766485108355547,ltv_band=71-80
2010,55,18112,258,1.4244699646643109,2,8507,0.023510050546608676,ltv_band=71-80
2010,56,18112,259,1.4299911660777385,1,8396,0.011910433539780848,ltv_band=71-80
2010,57,18112,260,1.435512367491166,1,8280,0.012077294685990338,ltv_band=71-80
2010,58,18112,264,1.4575971731448762,4,8170,0.04895960832313342,ltv_band=71-80
2010,59,18112,267,1.474160777385159,3,8038,0.03732271709380443,ltv_band=71-80
2010,60,18112,268,1.4796819787985867,1,7895,0.01266624445851805,ltv_band=71-80
2012,1,15223,0,0.0,0,15215,0.0,ltv_band=71-80
2012,2,15223,1,0.006569007422978388,1,15203,0.0065776491481944355,ltv_band=71-80
2012,3,15223,5,0.03284503711489194,4,15179,0.026352197114434418,ltv_band=71-80
2012,4,15223,6,0.03941404453787033,1,15140,0.0066050198150594455,ltv_band=71-80
2012,5,15223,6,0.03941404453787033,0,15082,0.0,ltv_band=71-80
2012,6,15223,9,0.05912106680680549,3,14976,0.020032051282051284,ltv_band=71-80
2012,7,15223,12,0.07882808907574065,3,14837,0.020219720967850643,ltv_band=71-80
2012,8,15223,13,0.08539709649871904,1,14720,0.006793478260869565,ltv_band=71-80
2012,9,15223,16,0.10510411876765421,3,14604,0.020542317173377157,ltv_band=71-80
2012,10,15223,17,0.11167312619063259,1,14504,0.006894649751792609,ltv_band=71-80
2012,11,15223,17,0.11167312619063259,0,14403,0.0,ltv_band=71-80
2012,12,15223,18,0.11824213361361098,1,14294,0.006995942353435008,ltv_band=71-80
2012,13,15223,21,0.13794915588254614,3,14221,0.021095562899936714,ltv_band=71-80
2012,14,15223,24,0.1576561781514813,3,14148,0.021204410517387615,ltv_band=71-80
2012,15,15223,24,0.1576561781514813,0,14068,0.0,ltv_band=71-80
2012,16,15223,27,0.17736320042041648,3,13993,0.021439291074108482,ltv_band=71-80
2012,17,15223,28,0.18393220784339487,1,13926,0.007180812868016659,ltv_band=71-80
2012,18,15223,28,0.18393220784339487,0,13880,0.0,ltv_band=71-80
2012,19,15223,30,0.19707022268935165,2,13813,0.014479113878230651,ltv_band=71-80
2012,20,15223,35,0.22991525980424357,5,13751,0.03636099192785979,ltv_band=71-80
2012,21,15223,38,0.24962228207317874,3,13687,0.02191860889895521,ltv_band=71-80
2012,22,15223,40,0.2627602969191355,2,13617,0.014687522949254609,ltv_band=71-80
2012,23,15223,40,0.2627602969191355,0,13552,0.0,ltv_band=71-80
2012,24,15223,41,0.2693293043421139,1,13480,0.00741839762611276,ltv_band=71-80
2012,25,15223,42,0.2758983117650923,1,13415,0.007454342154304882,ltv_band=71-80
2012,26,15223,44,0.28903632661104905,2,13361,0.014968939450639922,ltv_band=71-80
2012,27,15223,48,0.3153123563029626,4,13279,0.030122750207093908,ltv_band=71-80
2012,28,15223,50,0.3284503711489194,2,13204,0.015146925174189639,ltv_band=71-80
2012,29,15223,51,0.3350193785718978,1,13111,0.007627183281214247,ltv_band=71-80
2012,30,15223,53,0.34815739341785457,2,13040,0.015337423312883436,ltv_band=71-80
2012,31,15223,55,0.36129540826381135,2,12965,0.015426147319706903,ltv_band=71-80
2012,32,15223,57,0.3744334231097681,2,12857,0.015555728396982188,ltv_band=71-80
2012,33,15223,58,0.3810024305327465,1,12754,0.007840677434530343,ltv_band=71-80
2012,34,15223,59,0.3875714379557249,1,12670,0.007892659826361484,ltv_band=71-80
2012,35,15223,60,0.3941404453787033,1,12568,0.007956715467854869,ltv_band=71-80
2012,36,15223,61,0.4007094528016817,1,12474,0.00801667468334135,ltv_band=71-80
2012,37,15223,63,0.41384746764763847,2,12363,0.0161773032435493,ltv_band=71-80
2012,38,15223,65,0.4269854824935952,2,12262,0.016310552927744252,ltv_band=71-80
2012,39,15223,67,0.440123497339552,2,12160,0.01644736842105263,ltv_band=71-80
2012,40,15223,68,0.44669250476253036,1,12052,0.00829737802854298,ltv_band=71-80
2012,41,15223,70,0.45983051960848714,2,11945,0.016743407283382167,ltv_band=71-80
2012,42,15223,71,0.46639952703146553,1,11862,0.008430281571404486,ltv_band=71-80
2012,43,15223,74,0.4861065493004007,3,11758,0.025514543289675114,ltv_band=71-80
2012,44,15223,74,0.4861065493004007,0,11647,0.0,ltv_band=71-80
2012,45,15223,76,0.4992445641463575,2,11518,0.017364125716270187,ltv_band=71-80
2012,46,15223,76,0.4992445641463575,0,11408,0.0,ltv_band=71-80
2012,47,15223,77,0.5058135715693358,1,11278,0.008866820358219542,ltv_band=71-80
2012,48,15223,80,0.525520593838271,3,11158,0.026886538806237675,ltv_band=71-80
2012,49,15223,81,0.5320896012612494,1,11042,0.009056330374932078,ltv_band=71-80
2012,50,15223,84,0.5517966235301845,3,10906,0.02750779387493123,ltv_band=71-80
2012,51,15223,84,0.5517966235301845,0,10796,0.0,ltv_band=71-80
2012,52,15223,85,0.5583656309531629,1,10685,0.009358914365933552,ltv_band=71-80
2012,53,15223,86,0.5649346383761413,1,10567,0.009463423866754993,ltv_band=71-80
2012,54,15223,88,0.5780726532220981,2,10448,0.01914241960183767,ltv_band=71-80
2012,55,15223,89,0.5846416606450765,1,10318,0.009691800736576855,ltv_band=71-80
2012,56,15223,89,0.5846416606450765,0,10221,0.0,ltv_band=71-80
2012,57,15223,92,0.6043486829140117,3,10109,0.029676525868038383,ltv_band=71-80
2012,58,15223,94,0.6174866977599685,2,10020,0.01996007984031936,ltv_band=71-80
2012,59,15223,96,0.6306247126059252,2,9940,0.02012072434607646,ltv_band=71-80
2012,60,15223,98,0.643762727451882,2,9832,0.02034174125305126,ltv_band=71-80
2015,1,20066,0,0.0,0,20054,0.0,ltv_band=71-80
2015,2,20066,0,0.0,0,20027,0.0,ltv_band=71-80
2015,3,20066,2,0.009967108541812021,2,19988,0.010006003602161296,ltv_band=71-80
2015,4,20066,4,0.019934217083624042,2,19927,0.010036633713052643,ltv_band=71-80
2015,5,20066,8,0.039868434167248085,4,19857,0.020144029813164124,ltv_band=71-80
2015,6,20066,14,0.06976975979268414,6,19755,0.030372057706909643,ltv_band=71-80
2015,7,20066,18,0.08970397687630818,4,19639,0.02036763582667142,ltv_band=71-80
2015,8,20066,19,0.09468753114721419,1,19478,0.005133997330321388,ltv_band=71-80
2015,9,20066,22,0.10963819395993223,3,19325,0.015523932729624839,ltv_band=71-80
2015,10,20066,25,0.12458885677265026,3,19192,0.01563151313047103,ltv_band=71-80
2015,11,20066,31,0.15449018239808632,6,19004,0.03157230056830141,ltv_band=71-80
2015,12,20066,33,0.16445729093989833,2,18841,0.010615147815933337,ltv_band=71-80
2015,13,20066,36,0.17940795375261637,3,18672,0.016066838046272493,ltv_band=71-80
2015,14,20066,40,0.1993421708362404,4,18489,0.02163448536967927,ltv_band=71-80
2015,15,20066,46,0.22924349646167647,6,18284,0.03281557646029315,ltv_band=71-80
2015,16,20066,50,0.24917771354530052,4,18113,0.022083586374427207,ltv_band=71-80
2015,17,20066,54,0.2691119306289245,4,17928,0.022311468094600623,ltv_band=71-80
2015,18,20066,58,0.2890461477125486,4,17754,0.022530134054297622,ltv_band=71-80
2015,19,20066,61,0.3039968105252666,3,17578,0.01706678803049266,ltv_band=71-80
2015,20,20066,68,0.3388816904216087,7,17416,0.04019292604501608,ltv_band=71-80
2015,21,20066,68,0.3388816904216087,0,17267,0.0,ltv_band=71-80
2015,22,20066,71,0.3538323532343267,3,17106,0.017537706068046298,ltv_band=71-80
2015,23,20066,79,0.3937007874015748,8,16980,0.04711425206124853,ltv_band=71-80
2015,24,20066,84,0.4186185587561049,5,16819,0.02972828348891135,ltv_band=71-80
2015,25,20066,86,0.42858566729791686,2,16658,0.012006243246488173,ltv_band=71-80
2015,26,20066,97,0.483404764277883,11,16515,0.06660611565243718,ltv_band=71-80
2015,27,20066,102,0.508322535632413,5,16364,0.030554876558298704,ltv_band=71-80
2015,28,20066,107,0.5332403069869431,5,16212,0.0308413520848754,ltv_band=71-80
2015,29,20066,116,0.5780922954250972,9,16069,0.05600846350115129,ltv_band=71-80
2015,30,20066,121,0.6030100667796272,5,15928,0.03139126067302863,ltv_band=71-80
2015,31,20066,124,0.6179607295923453,3,15790,0.018999366687777075,ltv_band=71-80
2015,32,20065,127,0.6329429354597558,3,15664,0.019152196118488254,ltv_band=71-80
2015,33,20065,132,0.6578619486668328,5,15548,0.03215847697453049,ltv_band=71-80
2015,34,20065,136,0.6777971592324944,4,15389,0.025992592111248294,ltv_band=71-80
2015,35,20064,140,0.6977671451355661,4,15246,0.02623638987275351,ltv_band=71-80
2015,36,20064,142,0.7077352472089314,2,15129,0.013219644391565867,ltv_band=71-80
2015,37,20064,148,0.7376395534290271,6,15018,0.03995205753096284,ltv_band=71-80
2015,38,20061,153,0.762673844773441,5,14907,0.03354128932716174,ltv_band=71-80
2015,39,20058,155,0.7727589989031808,2,14788,0.013524479307546659,ltv_band=71-80
2015,40,20053,160,0.7978856031516481,5,14664,0.03409710856519367,ltv_band=71-80
2015,41,20052,162,0.8078994614003591,2,14563,0.013733434045182997,ltv_band=71-80
2015,42,20051,166,0.827888883347464,4,14443,0.027695077200027694,ltv_band=71-80
2015,43,20048,170,0.8479648842777334,4,14322,0.027929060187124703,ltv_band=71-80
2015,44,20046,176,0.8779806445176095,6,14213,0.04221487370716949,ltv_band=71-80
2015,45,20040,178,0.8882235528942116,2,14096,0.014188422247446084,ltv_band=71-80
2015,46,19989,178,0.8904897693731553,2,13940,0.014347202295552367,ltv_band=71-80
2015,47,18347,157,0.8557257317272579,4,12688,0.031525851197982346,ltv_band=71-80
2015,48,16823,142,0.8440825060928491,2,11507,0.01738072477622317,ltv_band=71-80
2015,49,15008,132,0.8795309168443497,3,10175,0.029484029484029485,ltv_band=71-80
2015,50,13368,121,0.905146618791143,2,9011,0.02219509488403063,ltv_band=71-80
2015,51,11685,104,0.8900299529311082,1,7869,0.012708095056551023,ltv_band=71-80
2018,1,19245,0,0.0,0,19223,0.0,ltv_band=71-80
2018,2,19239,0,0.0,0,19180,0.0,ltv_band=71-80
2018,3,19235,0,0.0,0,19129,0.0,ltv_band=71-80
2018,4,19231,1,0.005199937600748791,1,19064,0.005245488879563575,ltv_band=71-80
2018,5,19226,3,0.015603869759700406,2,18972,0.010541851149061775,ltv_band=71-80
2018,6,19221,3,0.015607928827844545,0,18841,0.0,ltv_band=71-80
2018,7,19220,6,0.031217481789802288,3,18635,0.016098738932116986,ltv_band=71-80
2018,8,19217,10,0.052037258677212886,4,18423,0.021711990446724203,ltv_band=71-80
2018,9,19216,12,0.06244796003330558,2,18193,0.01099323915791788,ltv_band=71-80
2018,10,19197,15,0.0781372089388967,3,17928,0.01673360107095047,ltv_band=71-80
2018,11,17867,16,0.0895505680864163,3,16557,0.01811922449719152,ltv_band=71-80
2018,12,16340,20,0.12239902080783353,5,15031,0.03326458652118954,ltv_band=71-80
2018,13,14550,22,0.15120274914089346,3,13256,0.022631261315630657,ltv_band=71-80
2018,14,13092,23,0.17567980446073939,4,11778,0.033961623365596876,ltv_band=71-80
2018,15,11395,19,0.16673979815708645,2,10189,0.01962901167926195,ltv_band=71-80
2018,16,9845,22,0.22346368715083798,3,8725,0.034383954154727794,ltv_band=71-80
2005,1,3402,4,0.11757789535567313,4,3400,0.11764705882352941,ltv_band=81-90
2005,2,3402,6,0.1763668430335097,2,3386,0.05906674542232723,ltv_band=81-90
2005,3,3402,9,0.26455026455026454,3,3371,0.08899436369029962,ltv_band=81-90
2005,4,3402,16,0.4703115814226925,7,3355,0.20864381520119224,ltv_band=81-90
2005,5,3402,27,0.7936507936507936,11,3321,0.331225534477567,ltv_band=81-90
2005,6,3402,35,1.02880658436214,8,3286,0.24345709068776628,ltv_band=81-90
2005,7,3402,43,1.263962375073486,8,3256,0.2457002457002457,ltv_band=81-90
2005,8,3402,50,1.4697236919459142,7,3231,0.2166511915815537,ltv_band=81-90
2005,9,3402,54,1.5873015873015872,4,3196,0.1251564455569462,ltv_band=81-90
2005,10,3402,59,1.7342739564961787,5,3169,0.1577784790154623,ltv_band=81-90
2005,11,3402,62,1.8224573780129336,3,3146,0.09535918626827718,ltv_band=81-90
2005,12,3402,66,1.9400352733686066,4,3122,0.12812299807815503,ltv_band=81-90
2005,13,3402,76,2.2339800117577897,10,3104,0.32216494845360827,ltv_band=81-90
2005,14,3402,79,2.3221634332745444,3,3074,0.09759271307742355,ltv_band=81-90
2005,15,3402,83,2.4397413286302174,4,3052,0.1310615989515072,ltv_band=81-90
2005,16,3402,89,2.6161081716637273,6,3025,0.19834710743801653,ltv_band=81-90
2005,17,3402,97,2.8512639623750733,8,3001,0.26657780739753417,ltv_band=81-90
2005,18,3402,103,3.027630805408583,6,2966,0.20229265003371544,ltv_band=81-90
2005,19,3402,104,3.0570252792475014,1,2936,0.0340599455040872,ltv_band=81-90
2005,20,3402,112,3.292181069958848,8,2914,0.27453671928620454,ltv_band=81-90
2005,21,3402,121,3.5567313345091125,9,2885,0.3119584055459272,ltv_band=81-90
2005,22,3402,125,3.6743092298647855,4,2846,0.14054813773717498,ltv_band=81-90
2005,23,3402,128,3.76249265138154,3,2820,0.10638297872340426,ltv_band=81-90
2005,24,3402,130,3.8212815990593767,2,2802,0.07137758743754462,ltv_band=81-90
2005,25,3402,133,3.909465020576132,3,2776,0.10806916426512968,ltv_band=81-90
2005,26,3402,137,4.027042915931805,4,2752,0.14534883720930233,ltv_band=81-90
2005,27,3402,142,4.174015285126396,5,2718,0.18395879323031641,ltv_band=81-90
2005,28,3402,146,4.291593180482069,4,2706,0.14781966001478197,ltv_band=81-90
2005,29,3402,150,4.409171075837743,4,2687,0.148864905098623,ltv_band=81-90
2005,30,3402,155,4.556143445032334,5,2668,0.1874062968515742,ltv_band=81-90
2005,31,3402,160,4.703115814226925,5,2650,0.18867924528301888,ltv_band=81-90
2005,32,3402,164,4.820693709582598,4,2628,0.15220700152207,ltv_band=81-90
2005,33,3402,170,4.997060552616108,6,2611,0.2297970126388357,ltv_band=81-90
2005,34,3402,178,5.232216343327455,8,2590,0.3088803088803089,ltv_band=81-90
2005,35,3402,179,5.261610817166373,1,2566,0.03897116134060795,ltv_band=81-90
2005,36,3402,189,5.555555555555555,10,2546,0.3927729772191673,ltv_band=81-90
2005,37,3402,195,5.731922398589065,6,2518,0.23828435266084194,ltv_band=81-90
2005,38,3402,206,6.055261610817166,11,2493,0.4412354592860008,ltv_band=81-90
2005,39,3402,212,6.231628453850676,6,2466,0.24330900243309003,ltv_band=81-90
2005,40,3402,221,6.496178718400941,9,2438,0.36915504511895,ltv_band=81-90
2005,41,3402,235,6.907701352145796,14,2408,0.5813953488372093,ltv_band=81-90
2005,42,3402,247,7.260435038212816,12,2375,0.5052631578947369,ltv_band=81-90
2005,43,3402,255,7.495590828924162,8,2348,0.34071550255536626,ltv_band=81-90
2005,44,3402,262,7.70135214579659,7,2315,0.3023758099352052,ltv_band=81-90
2005,45,3402,275,8.083480305702528,13,2290,0.5676855895196506,ltv_band=81-90
2005,46,3402,284,8.348030570252792,9,2261,0.3980539584254755,ltv_band=81-90
2005,47,3402,297,8.73015873015873,13,2222,0.585058505850585,ltv_band=81-90
2005,48,3402,304,8.935920047031159,7,2194,0.31905195989061075,ltv_band=81-90
2005,49,3402,307,9.024103468547914,3,2164,0.13863216266173753,ltv_band=81-90
2005,50,3402,320,9.40623162845385,13,2145,0.6060606060606061,ltv_band=81-90
2005,51,3402,331,9.729570840681951,11,2110,0.5213270142180095,ltv_band=81-90
2005,52,3402,345,10.141093474426809,14,2080,0.6730769230769231,ltv_band=81-90
2005,53,3402,353,10.376249265138155,8,2048,0.390625,ltv_band=81-90
2005,54,3402,359,10.552616108171664,6,2020,0.297029702970297,ltv_band=81-90
2005,55,3402,373,10.96413874191652,14,1999,0.7003501750875438,ltv_band=81-90
2005,56,3402,386,11.346266901822457,13,1973,0.6588950836289914,ltv_band=81-90
2005,57,3402,397,11.66960611405056,11,1945,0.5655526992287918,ltv_band=81-90
2005,58,3402,404,11.875367430922987,7,1916,0.3653444676409186,ltv_band=81-90
2005,59,3402,411,12.081128747795415,7,1882,0.37194473963868224,ltv_band=81-90
2005,60,3402,413,12.139917695473251,2,1851,0.10804970286331712,ltv_band=81-90
2006,1,3626,4,0.11031439602868175,4,3624,0.11037527593818984,ltv_band=81-90
2006,2,3626,8,0.2206287920573635,4,3615,0.11065006915629322,ltv_band=81-90
2006,3,3626,19,0.5239933811362383,11,3598,0.3057254030016676,ltv_band=81-90
2006,4,3626,30,0.827357970215113,11,3569,0.30820958251611097,ltv_band=81-90
2006,5,3626,42,1.1583011583011582,12,3533,0.33965468440418906,ltv_band=81-90
2006,6,3626,53,1.4616657473800332,11,3499,0.3143755358673907,ltv_band=81-90
2006,7,3626,73,2.0132377275234417,20,3469,0.5765350245027385,ltv_band=81-90
2006,8,3626,81,2.2338665195808054,8,3431,0.2331681725444477,ltv_band=81-90
2006,9,3626,92,2.53723110865968,11,3397,0.32381513099793935,ltv_band=81-90
2006,10,3626,100,2.7578599007170435,8,3354,0.2385211687537269,ltv_band=81-90
2006,11,3626,110,3.033645890788748,10,3331,0.30021014710297206,ltv_band=81-90
2006,12,3626,120,3.309431880860452,10,3298,0.30321406913280774,ltv_band=81-90
2006,13,3626,128,3.530060672917816,8,3264,0.24509803921568626,ltv_band=81-90
2006,14,3626,134,3.6955322669608384,6,3225,0.18604651162790697,ltv_band=81-90
2006,15,3626,143,3.9437396580253723,9,3180,0.2830188679245283,ltv_band=81-90
2006,16,3626,151,4.164368450082736,8,3141,0.2546959567016874,ltv_band=81-90
2006,17,3626,159,4.384997242140099,8,3101,0.2579812963560142,ltv_band=81-90
2006,18,3626,172,4.743519029233315,13,3058,0.4251144538914323,ltv_band=81-90
2006,19,3626,179,4.936569222283508,7,3014,0.23224950232249503,ltv_band=81-90
2006,20,3626,188,5.184776613348042,9,2982,0.30181086519114686,ltv_band=81-90
2006,21,3626,199,5.488141202426917,11,2943,0.37376826367652055,ltv_band=81-90
2006,22,3626,214,5.901820187534473,15,2910,0.5154639175257731,ltv_band=81-90
2006,23,3626,220,6.067291781577496,6,2871,0.2089864158829676,ltv_band=81-90
2006,24,3626,231,6.370656370656371,11,2829,0.38882997525627433,ltv_band=81-90
2006,25,3626,246,6.784335355763927,15,2786,0.5384063173007897,ltv_band=81-90
2006,26,3626,258,7.115278543849972,12,2746,0.43699927166788055,ltv_band=81-90
2006,27,3626,271,7.473800330943188,13,2711,0.47952784950202876,ltv_band=81-90
2006,28,3626,284,7.832322118036403,13,2683,0.4845322400298174,ltv_band=81-90
2006,29,3626,297,8.19084390512962,13,2640,0.49242424242424243,ltv_band=81-90
2006,30,3626,305,8.411472697186984,8,2604,0.30721966205837176,ltv_band=81-90
2006,31,3626,314,8.659680088251516,9,2557,0.35197497066875244,ltv_band=81-90
2006,32,3626,327,9.018201875344733,13,2509,0.5181347150259067,ltv_band=81-90
2006,33,3626,339,9.349145063430777,12,2473,0.4852405984634048,ltv_band=81-90
2006,34,3626,362,9.983452840595698,23,2427,0.9476720230737536,ltv_band=81-90
2006,35,3626,375,10.341974627688913,13,2364,0.5499153976311336,ltv_band=81-90
2006,36,3626,393,10.838389409817982,18,2321,0.7755277897457993,ltv_band=81-90
2006,37,3626,409,11.279646993932708,16,2252,0.7104795737122558,ltv_band=81-90
2006,38,3626,422,11.638168781025923,13,2205,0.5895691609977324,ltv_band=81-90
2006,39,3626,434,11.96911196911197,12,2154,0.5571030640668524,ltv_band=81-90
2006,40,3626,444,12.244897959183673,10,2119,0.4719207173194903,ltv_band=81-90
2006,41,3626,459,12.65857694429123,15,2086,0.7190795781399808,ltv_band=81-90
2006,42,3626,474,13.072255929398786,15,2053,0.7306380905991232,ltv_band=81-90
2006,43,3626,485,13.375620518477662,11,2019,0.5448241703813769,ltv_band=81-90
2006,44,3626,497,13.706563706563706,12,1981,0.6057546693589096,ltv_band=81-90
2006,45,3626,505,13.92719249862107,8,1949,0.41046690610569525,ltv_band=81-90
2006,46,3626,515,14.202978488692775,10,1923,0.5200208008320333,ltv_band=81-90
2006,47,3626,531,14.644236072807502,16,1899,0.842548709847288,ltv_band=81-90
2006,48,3626,543,14.975179260893547,12,1862,0.644468313641246,ltv_band=81-90
2006,49,3626,552,15.22338665195808,9,1818,0.49504950495049505,ltv_band=81-90
2006,50,3626,558,15.388858246001103,6,1786,0.335946248600224,ltv_band=81-90
2006,51,3626,567,15.637065637065637,9,1750,0.5142857142857142,ltv_band=81-90
2006,52,3626,581,16.023166023166024,14,1718,0.8149010477299186,ltv_band=81-90
2006,53,3626,591,16.298952013237727,10,1679,0.5955926146515783,ltv_band=81-90
2006,54,3626,602,16.602316602316602,11,1632,0.6740196078431373,ltv_band=81-90
2006,55,3626,608,16.767788196359625,6,1602,0.37453183520599254,ltv_band=81-90
2006,56,3626,617,17.015995587424158,9,1570,0.5732484076433121,ltv_band=81-90
2006,57,3626,618,17.04357418643133,1,1543,0.06480881399870382,ltv_band=81-90
2006,58,3626,628,17.319360176503032,10,1521,0.6574621959237343,ltv_band=81-90
2006,59,3626,632,17.429674572531717,4,1489,0.2686366689053056,ltv_band=81-90
2006,60,3626,637,17.56756756756757,5,1462,0.34199726402188785,ltv_band=81-90
2007,1,4889,7,0.14317856412354266,7,4884,0.14332514332514332,ltv_band=81-90
2007,2,4889,8,0.16363264471262018,1,4862,0.020567667626491155,ltv_band=81-90
2007,3,4889,34,0.6954387400286357,26,4847,0.5364142768722922,ltv_band=81-90
2007,4,4889,50,1.022704029453876,16,4795,0.33368091762252344,ltv_band=81-90
2007,5,4889,69,1.411331560646349,19,4742,0.40067482075073807,ltv_band=81-90
2007,6,4889,88,1.7999590918388217,19,4680,0.405982905982906,ltv_band=81-90
2007,7,4889,112,2.2908570259766825,24,4626,0.5188067444876784,ltv_band=81-90
2007,8,4889,129,2.638576395991,17,4574,0.3716659379099257,ltv_band=81-90
2007,9,4889,148,3.027203927183473,19,4525,0.4198895027624309,ltv_band=81-90
2007,10,4889,168,3.4362855389650235,20,4470,0.44742729306487694,ltv_band=81-90
2007,11,4889,190,3.886275311924729,22,4425,0.4971751412429379,ltv_band=81-90
2007,12,4889,205,4.193086520760891,15,4374,0.3429355281207133,ltv_band=81-90
2007,13,4889,225,4.602168132542443,20,4332,0.4616805170821791,ltv_band=81-90
2007,14,4889,254,5.1953364696256905,29,4281,0.6774118196683018,ltv_band=81-90
2007,15,4889,275,5.6248721619963185,21,4212,0.4985754985754986,ltv_band=81-90
2007,16,4889,302,6.177132337901411,27,4148,0.6509161041465766,ltv_band=81-90
2007,17,4889,332,6.790754755573737,30,4079,0.7354743809757294,ltv_band=81-90
2007,18,4889,359,7.34301493147883,27,4003,0.6744941294029478,ltv_band=81-90
2007,19,4889,389,7.956637349151156,30,3930,0.7633587786259542,ltv_band=81-90
2007,20,4889,417,8.529351605645326,28,3851,0.7270838743183589,ltv_band=81-90
2007,21,4889,442,9.040703620372264,25,3776,0.6620762711864406,ltv_band=81-90
2007,22,4889,473,9.674780118633667,31,3706,0.8364813815434431,ltv_band=81-90
2007,23,4889,496,10.14522397218245,23,3623,0.6348330113165884,ltv_band=81-90
2007,24,4889,525,10.738392309265699,29,3561,0.8143779837124403,ltv_band=81-90
2007,25,4889,559,11.433831049294334,34,3496,0.9725400457665904,ltv_band=81-90
2007,26,4889,591,12.088361628144815,32,3416,0.936768149882904,ltv_band=81-90
2007,27,4889,624,12.763346287584373,33,3346,0.986252241482367,ltv_band=81-90
2007,28,4889,654,13.376968705256699,30,3276,0.9157509157509157,ltv_band=81-90
2007,29,4889,681,13.929228881161793,27,3214,0.8400746733042938,ltv_band=81-90
2007,30,4889,708,14.481489057066884,27,3167,0.8525418377012945,ltv_band=81-90
2007,31,4889,732,14.972386991204745,24,3111,0.7714561234329798,ltv_band=81-90
2007,32,4889,767,15.688279811822458,35,3055,1.1456628477905073,ltv_band=81-90
2007,33,4889,784,16.035999181836775,17,2983,0.5698960777740529,ltv_band=81-90
2007,34,4889,805,16.465534874207403,21,2932,0.7162346521145976,ltv_band=81-90
2007,35,4889,819,16.75189200245449,14,2874,0.4871259568545581,ltv_band=81-90
2007,36,4889,837,17.120065453057887,18,2819,0.6385242993969493,ltv_band=81-90
2007,37,4889,852,17.42687666189405,15,2760,0.5434782608695652,ltv_band=81-90
2007,38,4889,869,17.774596031908366,17,2705,0.6284658040665434,ltv_band=81-90
2007,39,4889,888,18.16322356310084,19,2661,0.7140172867343104,ltv_band=81-90
2007,40,4889,903,18.470034771937,15,2607,0.5753739930955121,ltv_band=81-90
2007,41,4889,920,18.81775414195132,17,2560,0.6640625,ltv_band=81-90
2007,42,4889,937,19.165473511965637,17,2498,0.6805444355484388,ltv_band=81-90
2007,43,4889,951,19.451830640212723,14,2456,0.5700325732899023,ltv_band=81-90
2007,44,4889,965,19.73818776845981,14,2407,0.5816368923971749,ltv_band=81-90
2007,45,4889,985,20.147269380241358,20,2369,0.8442380751371887,ltv_band=81-90
2007,46,4889,994,20.331356105543055,9,2321,0.38776389487289964,ltv_band=81-90
2007,47,4889,1006,20.576805072611986,12,2284,0.5253940455341506,ltv_band=81-90
2007,48,4889,1019,20.842708120269993,13,2245,0.579064587973274,ltv_band=81-90
2007,49,4889,1034,21.149519329106155,15,2207,0.6796556411418215,ltv_band=81-90
2007,50,4889,1044,21.35406013499693,10,2168,0.4612546125461255,ltv_band=81-90
2007,51,4889,1052,21.517692779709552,8,2125,0.3764705882352941,ltv_band=81-90
2007,52,4889,1065,21.78359582736756,13,2086,0.62320230105465,ltv_band=81-90
2007,53,4889,1078,22.049498875025566,13,2042,0.6366307541625857,ltv_band=81-90
2007,54,4889,1091,22.315401922683577,13,1997,0.6509764646970456,ltv_band=81-90
2007,55,4889,1103,22.560850889752505,12,1948,0.6160164271047228,ltv_band=81-90
2007,56,4889,1112,22.744937615054205,9,1901,0.47343503419253025,ltv_band=81-90
2007,57,4889,1120,22.908570259766822,8,1852,0.4319654427645788,ltv_band=81-90
2007,58,4889,1124,22.990386582123133,4,1809,0.22111663902708678,ltv_band=81-90
2007,59,4889,1131,23.133565146246678,7,1770,0.3954802259887006,ltv_band=81-90
2007,60,4889,1138,23.27674371037022,7,1719,0.4072134962187318,ltv_band=81-90
2008,1,5635,3,0.05323868677905945,2,5629,0.03553028957186001,ltv_band=81-90
2008,2,5635,4,0.0709849157054126,1,5612,0.01781895937277263,ltv_band=81-90
2008,3,5635,27,0.47914818101153506,23,5584,0.41189111747851004,ltv_band=81-90
2008,4,5635,50,0.8873114463176575,23,5529,0.41598842466992225,ltv_band=81-90
2008,5,5635,72,1.277728482697427,22,5459,0.40300421322586555,ltv_band=81-90
2008,6,5635,94,1.668145519077196,22,5380,0.40892193308550184,ltv_band=81-90
2008,7,5635,109,1.9343389529724933,15,5298,0.28312570781426954,ltv_band=81-90
2008,8,5635,133,2.360248447204969,24,5207,0.4609179950067217,ltv_band=81-90
2008,9,5635,148,2.6264418811002663,15,5127,0.29256875365710944,ltv_band=81-90
2008,10,5635,167,2.9636202307009762,19,5053,0.37601424896101326,ltv_band=81-90
2008,11,5635,192,3.4072759538598048,25,4967,0.50332192470304,ltv_band=81-90
2008,12,5635,215,3.815439219165927,23,4892,0.47015535568274736,ltv_band=81-90
2008,13,5635,241,4.276841171251109,26,4807,0.5408778864156438,ltv_band=81-90
2008,14,5635,262,4.649511978704525,21,4725,0.4444444444444444,ltv_band=81-90
2008,15,5635,287,5.093167701863354,25,4643,0.5384449709239716,ltv_band=81-90
2008,16,5635,315,5.590062111801243,28,4571,0.6125574272588055,ltv_band=81-90
2008,17,5635,342,6.069210292812778,27,4493,0.60093478744714,ltv_band=81-90
2008,18,5635,361,6.4063886424134875,19,4425,0.4293785310734463,ltv_band=81-90
2008,19,5635,384,6.8145519077196095,23,4366,0.5267979844251031,ltv_band=81-90
2008,20,5635,406,7.204968944099379,22,4278,0.5142589995324918,ltv_band=81-90
2008,21,5635,426,7.559893522626442,20,4192,0.4770992366412214,ltv_band=81-90
2008,22,5635,445,7.897071872227151,19,4106,0.4627374573794447,ltv_band=81-90
2008,23,5635,460,8.16326530612245,15,4005,0.37453183520599254,ltv_band=81-90
2008,24,5635,476,8.4472049689441,16,3925,0.40764331210191085,ltv_band=81-90
2008,25,5635,487,8.642413487133984,11,3834,0.28690662493479396,ltv_band=81-90
2008,26,5635,505,8.96184560780834,18,3762,0.4784688995215311,ltv_band=81-90
2008,27,5635,518,9.192546583850932,13,3697,0.3516364619962131,ltv_band=81-90
2008,28,5635,533,9.458740017746228,15,3628,0.41345093715545755,ltv_band=81-90
2008,29,5635,543,9.63620230700976,10,3540,0.2824858757062147,ltv_band=81-90
2008,30,5635,558,9.902395740905058,15,3472,0.43202764976958524,ltv_band=81-90
2008,31,5635,563,9.991126885536824,5,3387,0.14762326542663123,ltv_band=81-90
2008,32,5635,577,10.239574090505768,14,3326,0.42092603728202044,ltv_band=81-90
2008,33,5635,594,10.541259982253772,17,3263,0.5209929512718358,ltv_band=81-90
2008,34,5635,606,10.754214729370009,12,3185,0.37676609105180536,ltv_band=81-90
2008,35,5635,620,11.002661934338953,14,3130,0.4472843450479233,ltv_band=81-90
2008,36,5635,628,11.144631765749779,8,3058,0.2616088947024199,ltv_band=81-90
2008,37,5635,639,11.339840283939663,11,3012,0.3652058432934927,ltv_band=81-90
2008,38,5635,649,11.517302573203194,10,2955,0.338409475465313,ltv_band=81-90
2008,39,5635,664,11.783496007098492,15,2895,0.5181347150259067,ltv_band=81-90
2008,40,5635,676,11.99645075421473,12,2825,0.4247787610619469,ltv_band=81-90
2008,41,5635,686,12.173913043478262,10,2766,0.3615328994938539,ltv_band=81-90
2008,42,5635,695,12.33362910381544,9,2706,0.3325942350332594,ltv_band=81-90
2008,43,5635,706,12.528837622005323,11,2638,0.41698256254738436,ltv_band=81-90
2008,44,5635,721,12.79503105590062,15,2576,0.5822981366459627,ltv_band=81-90
2008,45,5635,730,12.9547471162378,9,2492,0.3611556982343499,ltv_band=81-90
2008,46,5635,733,13.00798580301686,3,2413,0.12432656444260257,ltv_band=81-90
2008,47,5635,742,13.167701863354038,9,2334,0.3856041131105398,ltv_band=81-90
2008,48,5635,749,13.29192546583851,7,2240,0.3125,ltv_band=81-90
2008,49,5635,758,13.451641526175688,9,2160,0.4166666666666667,ltv_band=81-90
2008,50,5635,767,13.611357586512867,9,2053,0.43838285435947394,ltv_band=81-90
2008,51,5635,771,13.682342502218278,4,1973,0.20273694880892043,ltv_band=81-90
2008,52,5635,777,13.788819875776397,6,1888,0.3177966101694915,ltv_band=81-90
2008,53,5635,782,13.877551020408163,5,1821,0.2745744096650192,ltv_band=81-90
2008,54,5635,784,13.91304347826087,2,1740,0.11494252873563218,ltv_band=81-90
2008,55,5635,787,13.96628216503993,3,1659,0.18083182640144665,ltv_band=81-90
2008,56,5635,795,14.108251996450754,8,1601,0.49968769519050593,ltv_band=81-90
2008,57,5635,803,14.25022182786158,8,1530,0.5228758169934641,ltv_band=81-90
2008,58,5635,806,14.303460514640639,3,1452,0.2066115702479339,ltv_band=81-90
2008,59,5635,806,14.303460514640639,0,1385,0.0,ltv_band=81-90
2008,60,5635,807,14.321206743566991,1,1317,0.07593014426727411,ltv_band=81-90
2010,1,4145,1,0.024125452352231604,1,4145,0.024125452352231604,ltv_band=81-90
2010,2,4145,1,0.024125452352231604,0,4142,0.0,ltv_band=81-90
2010,3,4145,2,0.04825090470446321,1,4138,0.02416626389560174,ltv_band=81-90
2010,4,4145,3,0.07237635705669482,1,4127,0.0242306760358614,ltv_band=81-90
2010,5,4145,4,0.09650180940892641,1,4114,0.024307243558580455,ltv_band=81-90
2010,6,4145,7,0.16887816646562123,3,4100,0.07317073170731707,ltv_band=81-90
2010,7,4145,10,0.24125452352231605,3,4085,0.07343941248470012,ltv_band=81-90
2010,8,4145,18,0.43425814234016885,8,4060,0.19704433497536947,ltv_band=81-90
2010,9,4145,19,0.4583835946924005,1,4038,0.024764735017335313,ltv_band=81-90
2010,10,4145,24,0.5790108564535585,5,4022,0.12431626056688215,ltv_band=81-90
2010,11,4145,25,0.6031363088057901,1,4000,0.025,ltv_band=81-90
2010,12,4145,27,0.6513872135102533,2,3982,0.050226017076845805,ltv_band=81-90
2010,13,4145,30,0.7237635705669482,3,3970,0.07556675062972293,ltv_band=81-90
2010,14,4145,32,0.7720144752714113,2,3959,0.05051780752715332,ltv_band=81-90
2010,15,4145,38,0.916767189384801,6,3935,0.15247776365946633,ltv_band=81-90
2010,16,4145,39,0.9408926417370326,1,3904,0.025614754098360656,ltv_band=81-90
2010,17,4145,41,0.9891435464414958,2,3861,0.0518000518000518,ltv_band=81-90
2010,18,4145,45,1.0856453558504222,4,3828,0.1044932079414838,ltv_band=81-90
2010,19,4145,50,1.2062726176115801,5,3789,0.13196093956188967,ltv_band=81-90
2010,20,4145,50,1.2062726176115801,0,3733,0.0,ltv_band=81-90
2010,21,4145,52,1.2545235223160434,2,3693,0.05415651232060655,ltv_band=81-90
2010,22,4145,55,1.3268998793727382,3,3649,0.08221430528912031,ltv_band=81-90
2010,23,4145,60,1.4475271411338964,5,3601,0.13885031935573452,ltv_band=81-90
2010,24,4145,67,1.6164053075995175,7,3542,0.1976284584980237,ltv_band=81-90
2010,25,4145,70,1.6887816646562124,3,3488,0.0860091743119266,ltv_band=81-90
2010,26,4145,73,1.761158021712907,3,3432,0.08741258741258741,ltv_band=81-90
2010,27,4145,78,1.8817852834740652,5,3366,0.14854426619132502,ltv_band=81-90
2010,28,4145,81,1.95416164053076,3,3288,0.09124087591240876,ltv_band=81-90
2010,29,4145,81,1.95416164053076,0,3233,0.0,ltv_band=81-90
2010,30,4145,86,2.074788902291918,5,3178,0.15733165512901195,ltv_band=81-90
2010,31,4145,88,2.123039806996381,2,3125,0.064,ltv_band=81-90
2010,32,4145,92,2.2195416164053077,4,3063,0.1305909239307868,ltv_band=81-90
2010,33,4145,95,2.2919179734620023,3,3002,0.09993337774816789,ltv_band=81-90
2010,34,4145,97,2.3401688781664656,2,2947,0.0678656260604004,ltv_band=81-90
2010,35,4145,100,2.4125452352231602,3,2885,0.10398613518197573,ltv_band=81-90
2010,36,4145,101,2.436670687575392,1,2839,0.03522367030644593,ltv_band=81-90
2010,37,4145,103,2.4849215922798553,2,2767,0.07228044813877846,ltv_band=81-90
2010,38,4145,108,2.605548854041013,5,2721,0.18375597206909225,ltv_band=81-90
2010,39,4145,110,2.6537997587454765,2,2678,0.07468259895444361,ltv_band=81-90
2010,40,4145,111,2.677925211097708,1,2635,0.03795066413662239,ltv_band=81-90
2010,41,4145,115,2.7744270205066344,4,2601,0.15378700499807765,ltv_band=81-90
2010,42,4145,116,2.798552472858866,1,2573,0.0388651379712398,ltv_band=81-90
2010,43,4145,117,2.8226779252110976,1,2539,0.03938558487593541,ltv_band=81-90
2010,44,4145,119,2.870928829915561,2,2508,0.07974481658692185,ltv_band=81-90
2010,45,4145,122,2.9433051869722555,3,2484,0.12077294685990338,ltv_band=81-90
2010,46,4145,124,2.9915560916767188,2,2453,0.08153281695882593,ltv_band=81-90
2010,47,4145,124,2.9915560916767188,0,2427,0.0,ltv_band=81-90
2010,48,4145,127,3.063932448733414,3,2411,0.1244296972210701,ltv_band=81-90
2010,49,4145,127,3.063932448733414,0,2384,0.0,ltv_band=81-90
2010,50,4145,128,3.0880579010856453,1,2362,0.04233700254022015,ltv_band=81-90
2010,51,4145,129,3.112183353437877,1,2322,0.04306632213608958,ltv_band=81-90
2010,52,4145,129,3.112183353437877,0,2293,0.0,ltv_band=81-90
2010,53,4145,130,3.1363088057901085,1,2255,0.04434589800443459,ltv_band=81-90
2010,54,4145,130,3.1363088057901085,0,2223,0.0,ltv_band=81-90
2010,55,4145,132,3.1845597104945718,2,2188,0.09140767824497258,ltv_band=81-90
2010,56,4145,133,3.208685162846803,1,2151,0.046490004649000466,ltv_band=81-90
2010,57,4145,134,3.232810615199035,1,2122,0.0471253534401508,ltv_band=81-90
2010,58,4145,136,3.2810615199034983,2,2088,0.09578544061302682,ltv_band=81-90
2010,59,4145,138,3.3293124246079615,2,2048,0.09765625,ltv_band=81-90
2010,60,4145,140,3.3775633293124248,2,2008,0.099601593625498,ltv_band=81-90
2012,1,4422,0,0.0,0,4422,0.0,ltv_band=81-90
2012,2,4422,0,0.0,0,4421,0.0,ltv_band=81-90
2012,3,4422,0,0.0,0,4415,0.0,ltv_band=81-90
2012,4,4422,1,0.022614201718679332,1,4412,0.022665457842248413,ltv_band=81-90
2012,5,4422,1,0.022614201718679332,0,4401,0.0,ltv_band=81-90
2012,6,4422,3,0.06784260515603799,2,4387,0.04558924093913836,ltv_band=81-90
2012,7,4422,5,0.11307100859339665,2,4365,0.045819014891179836,ltv_band=81-90
2012,8,4422,8,0.18091361374943465,3,4345,0.06904487917146145,ltv_band=81-90
2012,9,4422,10,0.2261420171867933,2,4324,0.04625346901017576,ltv_band=81-90
2012,10,4422,11,0.24875621890547264,1,4288,0.02332089552238806,ltv_band=81-90
2012,11,4422,12,0.27137042062415195,1,4259,0.0234796900680911,ltv_band=81-90
2012,12,4422,12,0.27137042062415195,0,4236,0.0,ltv_band=81-90
2012,13,4422,13,0.2939846223428313,1,4215,0.02372479240806643,ltv_band=81-90
2012,14,4422,15,0.33921302578018997,2,4203,0.04758505829169641,ltv_band=81-90
2012,15,4422,17,0.38444142921754865,2,4181,0.04783544606553456,ltv_band=81-90
2012,16,4422,18,0.40705563093622793,1,4158,0.02405002405002405,ltv_band=81-90
2012,17,4422,21,0.47489823609226595,3,4134,0.07256894049346879,ltv_band=81-90
2012,18,4422,21,0.47489823609226595,0,4114,0.0,ltv_band=81-90
2012,19,4422,22,0.4975124378109453,1,4092,0.024437927663734114,ltv_band=81-90
2012,20,4422,23,0.5201266395296246,1,4067,0.024588148512417016,ltv_band=81-90
2012,21,4422,23,0.5201266395296246,0,4050,0.0,ltv_band=81-90
2012,22,4422,24,0.5427408412483039,1,4030,0.02481389578163772,ltv_band=81-90
2012,23,4422,25,0.5653550429669832,1,4009,0.024943876278373658,ltv_band=81-90
2012,24,4422,26,0.5879692446856626,1,3980,0.02512562814070352,ltv_band=81-90
2012,25,4422,28,0.6331976481230213,2,3951,0.050620096178182736,ltv_band=81-90
2012,26,4422,30,0.6784260515603799,2,3925,0.050955414012738856,ltv_band=81-90
2012,27,4422,32,0.7236544549977386,2,3904,0.05122950819672131,ltv_band=81-90
2012,28,4422,33,0.746268656716418,1,3873,0.025819777949909632,ltv_band=81-90
2012,29,4422,33,0.746268656716418,0,3843,0.0,ltv_band=81-90
2012,30,4422,33,0.746268656716418,0,3819,0.0,ltv_band=81-90
2012,31,4422,34,0.7688828584350973,1,3797,0.02633658151171978,ltv_band=81-90
2012,32,4422,36,0.8141112618724559,2,3767,0.053092646668436425,ltv_band=81-90
2012,33,4422,36,0.8141112618724559,0,3738,0.0,ltv_band=81-90
2012,34,4422,36,0.8141112618724559,0,3708,0.0,ltv_band=81-90
2012,35,4422,36,0.8141112618724559,0,3678,0.0,ltv_band=81-90
2012,36,4422,38,0.8593396653098145,2,3644,0.054884742041712405,ltv_band=81-90
2012,37,4422,39,0.8819538670284939,1,3614,0.02767017155506364,ltv_band=81-90
2012,38,4422,40,0.9045680687471732,1,3577,0.02795638803466592,ltv_band=81-90
2012,39,4422,40,0.9045680687471732,0,3549,0.0,ltv_band=81-90
2012,40,4422,41,0.9271822704658526,1,3519,0.02841716396703609,ltv_band=81-90
2012,41,4422,41,0.9271822704658526,0,3493,0.0,ltv_band=81-90
2012,42,4422,42,0.9497964721845319,1,3465,0.02886002886002886,ltv_band=81-90
2012,43,4422,43,0.9724106739032112,1,3434,0.029120559114735003,ltv_band=81-90
2012,44,4422,44,0.9950248756218906,1,3399,0.029420417769932334,ltv_band=81-90
2012,45,4422,44,0.9950248756218906,0,3358,0.0,ltv_band=81-90
2012,46,4422,47,1.0628674807779286,3,3331,0.09006304413089163,ltv_band=81-90
2012,47,4422,47,1.0628674807779286,0,3300,0.0,ltv_band=81-90
2012,48,4422,47,1.0628674807779286,0,3281,0.0,ltv_band=81-90
2012,49,4422,47,1.0628674807779286,0,3251,0.0,ltv_band=81-90
2012,50,4422,48,1.0854816824966078,1,3210,0.03115264797507788,ltv_band=81-90
2012,51,4422,49,1.1080958842152873,1,3177,0.03147623544224111,ltv_band=81-90
2012,52,4422,50,1.1307100859339665,1,3133,0.031918289179699966,ltv_band=81-90
2012,53,4422,52,1.1759384893713252,2,3096,0.06459948320413436,ltv_band=81-90
2012,54,4422,54,1.2211668928086838,2,3053,0.06550933508024893,ltv_band=81-90
2012,55,4422,55,1.243781094527363,1,3018,0.03313452617627568,ltv_band=81-90
2012,56,4422,56,1.2663952962460425,1,2986,0.033489618218352314,ltv_band=81-90
2012,57,4422,57,1.2890094979647218,1,2941,0.034002040122407345,ltv_band=81-90
2012,58,4422,57,1.2890094979647218,0,2908,0.0,ltv_band=81-90
2012,59,4422,58,1.3116236996834012,1,2881,0.03471017007983339,ltv_band=81-90
2012,60,4422,59,1.3342379014020804,1,2859,0.03497726477789437,ltv_band=81-90
2015,1,5592,0,0.0,0,5592,0.0,ltv_band=81-90
2015,2,5592,1,0.0178826895565093,1,5588,0.01789549033643522,ltv_band=81-90
2015,3,5592,1,0.0178826895565093,0,5577,0.0,ltv_band=81-90
2015,4,5592,2,0.0357653791130186,1,5570,0.017953321364452424,ltv_band=81-90
2015,5,5592,3,0.0536480686695279,1,5551,0.01801477211313277,ltv_band=81-90
2015,6,5592,6,0.1072961373390558,3,5533,0.054220133742996564,ltv_band=81-90
2015,7,5592,8,0.1430615164520744,2,5499,0.03637024913620658,ltv_band=81-90
2015,8,5592,9,0.1609442060085837,1,5459,0.018318373328448434,ltv_band=81-90
2015,9,5592,13,0.23247496423462088,4,5420,0.07380073800738007,ltv_band=81-90
2015,10,5592,14,0.2503576537911302,1,5370,0.0186219739292365,ltv_band=81-90
2015,11,5592,15,0.26824034334763946,1,5331,0.018758206715438003,ltv_band=81-90
2015,12,5592,15,0.26824034334763946,0,5286,0.0,ltv_band=81-90
2015,13,5592,15,0.26824034334763946,0,5234,0.0,ltv_band=81-90
2015,14,5592,18,0.3218884120171674,3,5176,0.05795981452859351,ltv_band=81-90
2015,15,5592,19,0.3397711015736767,1,5110,0.019569471624266144,ltv_band=81-90
2015,16,5592,23,0.4113018597997139,4,5057,0.07909827961241843,ltv_band=81-90
2015,17,5592,27,0.48283261802575106,4,5007,0.07988815658078689,ltv_band=81-90
2015,18,5592,29,0.5185979971387696,2,4954,0.04037141703673799,ltv_band=81-90
2015,19,5592,29,0.5185979971387696,0,4905,0.0,ltv_band=81-90
2015,20,5592,32,0.5722460658082976,3,4849,0.06186842647968653,ltv_band=81-90
2015,21,5592,34,0.6080114449213162,2,4813,0.0415541242468315,ltv_band=81-90
2015,22,5592,37,0.6616595135908441,3,4770,0.06289308176100629,ltv_band=81-90
2015,23,5592,42,0.7510729613733905,5,4718,0.10597710894446799,ltv_band=81-90
2015,24,5592,45,0.8047210300429185,3,4663,0.06433626420759168,ltv_band=81-90
2015,25,5592,47,0.8404864091559371,2,4621,0.04328067517853278,ltv_band=81-90
2015,26,5592,47,0.8404864091559371,0,4577,0.0,ltv_band=81-90
2015,27,5592,48,0.8583690987124464,1,4536,0.02204585537918871,ltv_band=81-90
2015,28,5592,51,0.9120171673819742,3,4475,0.0670391061452514,ltv_band=81-90
2015,29,5592,53,0.9477825464949928,2,4426,0.04518752824220515,ltv_band=81-90
2015,30,5592,56,1.0014306151645207,3,4379,0.06850879196163508,ltv_band=81-90
2015,31,5592,62,1.1087267525035764,6,4335,0.1384083044982699,ltv_band=81-90
2015,32,5592,64,1.1444921316165952,2,4294,0.04657661853749418,ltv_band=81-90
2015,33,5592,65,1.1623748211731044,1,4261,0.02346866932644919,ltv_band=81-90
2015,34,5592,66,1.1802575107296138,1,4232,0.023629489603024575,ltv_band=81-90
2015,35,5592,70,1.251788268955651,4,4190,0.0954653937947494,ltv_band=81-90
2015,36,5592,71,1.2696709585121602,1,4145,0.024125452352231604,ltv_band=81-90
2015,37,5591,72,1.2877839384725451,1,4105,0.024360535931790498,ltv_band=81-90
2015,38,5590,73,1.3059033989266546,1,4079,0.024515812699190977,ltv_band=81-90
2015,39,5589,73,1.3061370549293254,0,4048,0.0,ltv_band=81-90
2015,40,5587,75,1.3424020046536602,2,4015,0.049813200498132,ltv_band=81-90
2015,41,5586,76,1.3605442176870748,1,3966,0.025214321734745335,ltv_band=81-90
2015,42,5586,77,1.3784461152882206,1,3935,0.025412960609911054,ltv_band=81-90
2015,43,5586,77,1.3784461152882206,0,3892,0.0,ltv_band=81-90
2015,44,5585,81,1.450313339301701,4,3843,0.10408534998698933,ltv_band=81-90
2015,45,5583,83,1.4866559197564033,2,3801,0.052617732175743226,ltv_band=81-90
2015,46,5572,84,1.5075376884422111,1,3758,0.026609898882384245,ltv_band=81-90
2015,47,5107,74,1.4489915801840612,1,3414,0.029291154071470416,ltv_band=81-90
2015,48,4672,71,1.519691780821918,2,3094,0.06464124111182935,ltv_band=81-90
2015,49,4156,64,1.5399422521655437,0,2729,0.0,ltv_band=81-90
2015,50,3738,57,1.5248796147672552,2,2427,0.08240626287597858,ltv_band=81-90
2015,51,3278,48,1.464307504575961,1,2104,0.04752851711026616,ltv_band=81-90
2015,52,2820,45,1.5957446808510638,1,1778,0.0562429696287964,ltv_band=81-90
2018,1,6069,0,0.0,0,6067,0.0,ltv_band=81-90
2018,2,6067,0,0.0,0,6054,0.0,ltv_band=81-90
2018,3,6066,0,0.0,0,6044,0.0,ltv_band=81-90
2018,4,6063,0,0.0,0,6028,0.0,ltv_band=81-90
2018,5,6061,0,0.0,0,5997,0.0,ltv_band=81-90
2018,6,6059,2,0.03300874731803928,2,5961,0.033551417547391375,ltv_band=81-90
2018,7,6057,2,0.03301964668978042,0,5902,0.0,ltv_band=81-90
2018,8,6056,5,0.08256274768824307,3,5839,0.05137866072957698,ltv_band=81-90
2018,9,6054,5,0.08259002312520647,0,5752,0.0,ltv_band=81-90
2018,10,6049,6,0.09918994875185981,1,5633,0.017752529735487306,ltv_band=81-90
2018,11,5609,8,0.14262791941522554,2,5175,0.03864734299516908,ltv_band=81-90
2018,12,5063,10,0.19751135690302193,2,4670,0.042826552462526764,ltv_band=81-90
2018,13,4485,10,0.2229654403567447,1,4095,0.02442002442002442,ltv_band=81-90
2018,14,4022,10,0.2486325211337643,2,3628,0.05512679162072767,ltv_band=81-90
2018,15,3434,7,0.203843913803145,0,3076,0.0,ltv_band=81-90
2005,1,2823,2,0.07084661707403471,2,2818,0.07097232079488999,ltv_band=>90
2005,2,2823,5,0.17711654268508678,3,2802,0.10706638115631692,ltv_band=>90
2005,3,2823,16,0.5667729365922777,11,2788,0.3945480631276901,ltv_band=>90
2005,4,2823,28,0.991852639036486,12,2766,0.43383947939262474,ltv_band=>90
2005,5,2823,36,1.2752391073326248,8,2744,0.2915451895043732,ltv_band=>90
2005,6,2823,46,1.6294721927027984,10,2717,0.368052999631947,ltv_band=>90
2005,7,2823,55,1.9482819695359546,9,2694,0.33407572383073497,ltv_band=>90
2005,8,2823,63,2.2316684378320937,8,2667,0.29996250468691416,ltv_band=>90
2005,9,2823,72,2.5504782146652496,9,2639,0.34103827207275483,ltv_band=>90
2005,10,2823,80,2.8338646829613885,8,2615,0.30592734225621415,ltv_band=>90
2005,11,2823,83,2.9401346085724405,3,2587,0.11596443757247778,ltv_band=>90
2005,12,2823,93,3.2943676939426143,10,2562,0.39032006245121,ltv_band=>90
2005,13,2823,99,3.5069075451647183,6,2534,0.23677979479084452,ltv_band=>90
2005,14,2823,106,3.7548707049238397,7,2502,0.2797761790567546,ltv_band=>90
2005,15,2823,111,3.9319872476089266,5,2473,0.2021835826930853,ltv_band=>90
2005,16,2823,118,4.1799504073680485,7,2442,0.28665028665028663,ltv_band=>90
2005,17,2823,120,4.2507970244420825,2,2420,0.08264462809917356,ltv_band=>90
2005,18,2823,122,4.3216436415161175,2,2405,0.08316008316008316,ltv_band=>90
2005,19,2823,126,4.463336875664187,4,2383,0.1678556441460344,ltv_band=>90
2005,20,2823,131,4.640453418349273,5,2366,0.21132713440405748,ltv_band=>90
2005,21,2823,143,5.065533120793482,12,2336,0.5136986301369864,ltv_band=>90
2005,22,2823,147,5.207226354941551,4,2303,0.17368649587494572,ltv_band=>90
2005,23,2823,149,5.278072972015586,2,2279,0.0877577885037297,ltv_band=>90
2005,24,2823,152,5.384342897626638,3,2264,0.13250883392226148,ltv_band=>90
2005,25,2823,153,5.419766206163656,1,2243,0.04458314757021846,ltv_band=>90
2005,26,2823,156,5.526036131774708,3,2212,0.13562386980108498,ltv_band=>90
2005,27,2823,157,5.561459440311725,1,2187,0.04572473708276177,ltv_band=>90
2005,28,2823,164,5.809422600070847,7,2178,0.3213957759412305,ltv_band=>90
2005,29,2823,165,5.844845908607864,1,2154,0.04642525533890436,ltv_band=>90
2005,30,2823,168,5.951115834218916,3,2142,0.1400560224089636,ltv_band=>90
2005,31,2823,171,6.057385759829968,3,2124,0.14124293785310735,ltv_band=>90
2005,32,2823,174,6.16365568544102,3,2107,0.14238253440911247,ltv_band=>90
2005,33,2823,177,6.269925611052073,3,2091,0.14347202295552366,ltv_band=>90
2005,34,2823,182,6.447042153737159,5,2070,0.24154589371980675,ltv_band=>90
2005,35,2823,186,6.588735387885229,4,2046,0.19550342130987292,ltv_band=>90
2005,36,2823,194,6.8721218561813675,8,2029,0.39428289797930016,ltv_band=>90
2005,37,2823,197,6.9783917817924195,3,2004,0.1497005988023952,ltv_band=>90
2005,38,2823,205,7.261778250088558,8,1987,0.40261701056869653,ltv_band=>90
2005,39,2823,206,7.297201558625575,1,1966,0.0508646998982706,ltv_band=>90
2005,40,2823,213,7.545164718384697,7,1948,0.3593429158110883,ltv_band=>90
2005,41,2823,223,7.899397803754871,10,1925,0.5194805194805194,ltv_band=>90
2005,42,2823,235,8.324477506199079,12,1903,0.6305832895428272,ltv_band=>90
2005,43,2823,237,8.395324123273113,2,1867,0.10712372790573112,ltv_band=>90
2005,44,2823,248,8.784980517180305,11,1848,0.5952380952380952,ltv_band=>90
2005,45,2823,260,9.210060219624513,12,1820,0.6593406593406593,ltv_band=>90
2005,46,2823,268,9.493446687920652,8,1789,0.4471771939631079,ltv_band=>90
2005,47,2823,276,9.77683315621679,8,1764,0.45351473922902497,ltv_band=>90
2005,48,2823,284,10.06021962451293,8,1737,0.4605641911341393,ltv_band=>90
2005,49,2823,291,10.30818278427205,7,1713,0.40863981319322823,ltv_band=>90
2005,50,2823,297,10.520722635494154,6,1690,0.35502958579881655,ltv_band=>90
2005,51,2823,302,10.697839178179242,5,1669,0.2995805871779509,ltv_band=>90
2005,52,2823,308,10.910379029401346,6,1650,0.36363636363636365,ltv_band=>90
2005,53,2823,315,11.158342189160468,7,1625,0.4307692307692308,ltv_band=>90
2005,54,2823,322,11.40630534891959,7,1605,0.43613707165109034,ltv_band=>90
2005,55,2823,330,11.689691817215728,8,1590,0.5031446540880503,ltv_band=>90
2005,56,2823,339,12.008501594048884,9,1572,0.5725190839694656,ltv_band=>90
2005,57,2823,341,12.07934821112292,2,1557,0.12845215157353887,ltv_band=>90
2005,58,2823,350,12.398157987956075,9,1552,0.5798969072164949,ltv_band=>90
2005,59,2823,357,12.646121147715197,7,1516,0.46174142480211083,ltv_band=>90
2005,60,2823,366,12.964930924548353,9,1488,0.6048387096774194,ltv_band=>90
2006,1,3045,2,0.06568144499178982,2,3045,0.06568144499178982,ltv_band=>90
2006,2,3045,3,0.09852216748768473,1,3033,0.03297065611605671,ltv_band=>90
2006,3,3045,14,0.45977011494252873,11,3025,0.36363636363636365,ltv_band=>90
2006,4,3045,25,0.8210180623973727,11,2998,0.3669112741827885,ltv_band=>90
2006,5,3045,34,1.116584564860427,9,2966,0.30343897505057316,ltv_band=>90
2006,6,3045,45,1.477832512315271,11,2939,0.374276964954066,ltv_band=>90
2006,7,3045,60,1.9704433497536946,15,2912,0.5151098901098901,ltv_band=>90
2006,8,3045,65,2.134646962233169,5,2885,0.1733102253032929,ltv_band=>90
2006,9,3045,80,2.6272577996715927,15,2857,0.5250262513125656,ltv_band=>90
2006,10,3045,97,3.1855500821018063,17,2822,0.6024096385542169,ltv_band=>90
2006,11,3045,105,3.4482758620689653,8,2778,0.28797696184305255,ltv_band=>90
2006,12,3045,118,3.8752052545155995,13,2747,0.4732435384055333,ltv_band=>90
2006,13,3045,127,4.170771756978653,9,2717,0.3312476996687523,ltv_band=>90
2006,14,3045,133,4.367816091954023,6,2686,0.22338049143708116,ltv_band=>90
2006,15,3045,141,4.630541871921182,8,2655,0.3013182674199623,ltv_band=>90
2006,16,3045,146,4.794745484400657,5,2625,0.19047619047619047,ltv_band=>90
2006,17,3045,159,5.221674876847291,13,2598,0.5003849114703618,ltv_band=>90
2006,18,3045,169,5.55008210180624,10,2558,0.39093041438623927,ltv_band=>90
2006,19,3045,177,5.812807881773399,8,2518,0.3177124702144559,ltv_band=>90
2006,20,3045,186,6.108374384236453,9,2479,0.36304961678096004,ltv_band=>90
2006,21,3045,193,6.338259441707717,7,2445,0.28629856850715746,ltv_band=>90
2006,22,3045,199,6.535303776683087,6,2415,0.2484472049689441,ltv_band=>90
2006,23,3045,210,6.896551724137931,11,2386,0.46102263202011734,ltv_band=>90
2006,24,3045,222,7.29064039408867,12,2354,0.5097706032285472,ltv_band=>90
2006,25,3045,230,7.553366174055829,8,2318,0.3451251078515962,ltv_band=>90
2006,26,3045,240,7.8817733990147785,10,2288,0.4370629370629371,ltv_band=>90
2006,27,3045,250,8.210180623973727,10,2264,0.4416961130742049,ltv_band=>90
2006,28,3045,266,8.735632183908047,16,2236,0.7155635062611807,ltv_band=>90
2006,29,3045,276,9.064039408866995,10,2195,0.45558086560364464,ltv_band=>90
2006,30,3045,281,9.22824302134647,5,2157,0.23180343069077422,ltv_band=>90
2006,31,3045,290,9.523809523809524,9,2126,0.4233301975540922,ltv_band=>90
2006,32,3045,311,10.213464696223317,21,2085,1.0071942446043165,ltv_band=>90
2006,33,3045,322,10.574712643678161,11,2031,0.5416051206302314,ltv_band=>90
2006,34,3045,338,11.10016420361248,16,1997,0.801201802704056,ltv_band=>90
2006,35,3045,350,11.494252873563218,12,1950,0.6153846153846154,ltv_band=>90
2006,36,3045,365,11.986863711001641,15,1913,0.7841087297438578,ltv_band=>90
2006,37,3045,371,12.183908045977011,6,1873,0.3203416978109984,ltv_band=>90
2006,38,3045,385,12.64367816091954,14,1850,0.7567567567567568,ltv_band=>90
2006,39,3045,399,13.10344827586207,14,1813,0.7722007722007722,ltv_band=>90
2006,40,3045,410,13.464696223316913,11,1772,0.6207674943566591,ltv_band=>90
2006,41,3045,420,13.793103448275861,10,1736,0.576036866359447,ltv_band=>90
2006,42,3045,428,14.055829228243022,8,1710,0.4678362573099415,ltv_band=>90
2006,43,3045,436,14.318555008210181,8,1679,0.47647409172126265,ltv_band=>90
2006,44,3045,449,14.745484400656814,13,1650,0.7878787878787878,ltv_band=>90
2006,45,3045,457,15.008210180623974,8,1627,0.49170251997541486,ltv_band=>90
2006,46,3045,467,15.336617405582922,10,1603,0.6238303181534622,ltv_band=>90
2006,47,3045,478,15.697865353037766,11,1573,0.6993006993006993,ltv_band=>90
2006,48,3045,485,15.92775041050903,7,1545,0.45307443365695793,ltv_band=>90
2006,49,3045,497,16.32183908045977,12,1508,0.7957559681697612,ltv_band=>90
2006,50,3045,502,16.486042692939243,5,1474,0.33921302578018997,ltv_band=>90
2006,51,3045,512,16.814449917898195,10,1450,0.6896551724137931,ltv_band=>90
2006,52,3045,519,17.04433497536946,7,1424,0.49157303370786515,ltv_band=>90
2006,53,3045,526,17.274220032840724,7,1391,0.503235082674335,ltv_band=>90
2006,54,3045,528,17.339901477832512,2,1360,0.14705882352941177,ltv_band=>90
2006,55,3045,533,17.504105090311988,5,1342,0.37257824143070045,ltv_band=>90
2006,56,3045,537,17.635467980295566,4,1317,0.30372057706909644,ltv_band=>90
2006,57,3045,540,17.733990147783253,3,1296,0.23148148148148148,ltv_band=>90
2006,58,3045,543,17.832512315270936,3,1281,0.234192037470726,ltv_band=>90
2006,59,3045,552,18.12807881773399,9,1265,0.7114624505928854,ltv_band=>90
2006,60,3045,556,18.25944170771757,4,1241,0.32232070910556004,ltv_band=>90
2007,1,4887,4,0.08184980560671168,4,4885,0.08188331627430911,ltv_band=>90
2007,2,4887,7,0.14323715981174545,3,4870,0.061601642710472276,ltv_band=>90
2007,3,4887,30,0.6138735420503376,23,4856,0.47364085667215816,ltv_band=>90
2007,4,4887,66,1.350521792510743,36,4818,0.7471980074719801,ltv_band=>90
2007,5,4887,95,1.9439328831594025,29,4762,0.6089878202435951,ltv_band=>90
2007,6,4887,125,2.55780642520974,30,4709,0.6370779358674878,ltv_band=>90
2007,7,4887,150,3.0693677102516883,25,4648,0.5378657487091222,ltv_band=>90
2007,8,4887,176,3.601391446695314,26,4602,0.5649717514124294,ltv_band=>90
2007,9,4887,203,4.153877634540618,27,4555,0.5927552140504939,ltv_band=>90
2007,10,4887,232,4.747288725189278,29,4503,0.6440151010437486,ltv_band=>90
2007,11,4887,253,5.177000204624514,21,4455,0.4713804713804714,ltv_band=>90
2007,12,4887,280,5.729486392469818,27,4418,0.6111362607514712,ltv_band=>90
2007,13,4887,316,6.466134642930223,36,4362,0.8253094910591472,ltv_band=>90
2007,14,4887,334,6.834458768160426,18,4304,0.41821561338289964,ltv_band=>90
2007,15,4887,368,7.530182115817475,34,4253,0.7994356924523865,ltv_band=>90
2007,16,4887,405,8.287292817679559,37,4180,0.8851674641148325,ltv_band=>90
2007,17,4887,439,8.983016165336608,34,4103,0.8286619546673166,ltv_band=>90
2007,18,4887,475,9.719664415797013,36,4033,0.8926357550210762,ltv_band=>90
2007,19,4887,512,10.476775117659095,37,3951,0.9364717792963807,ltv_band=>90
2007,20,4887,538,11.008798854102722,26,3874,0.6711409395973155,ltv_band=>90
2007,21,4887,565,11.561285041948025,27,3798,0.7109004739336493,ltv_band=>90
2007,22,4887,607,12.420708000818498,42,3733,1.1251004553978035,ltv_band=>90
2007,23,4887,648,13.259668508287293,41,3649,1.1235955056179776,ltv_band=>90
2007,24,4887,671,13.730304890525884,23,3560,0.6460674157303371,ltv_band=>90
2007,25,4887,689,14.098629015756087,18,3500,0.5142857142857142,ltv_band=>90
2007,26,4887,726,14.855739717618171,37,3431,1.0784027980180706,ltv_band=>90
2007,27,4887,752,15.387763454061796,26,3360,0.7738095238095238,ltv_band=>90
2007,28,4887,774,15.83793738489871,22,3299,0.6668687481054865,ltv_band=>90
2007,29,4887,805,16.472273378350728,31,3237,0.9576768612913191,ltv_band=>90
2007,30,4887,823,16.84059750358093,18,3169,0.5680025244556642,ltv_band=>90
2007,31,4887,846,17.311233885819522,23,3124,0.736235595390525,ltv_band=>90
2007,32,4887,868,17.761407816656437,22,3071,0.7163790296320417,ltv_band=>90
2007,33,4887,883,18.068344587681604,15,3016,0.4973474801061008,ltv_band=>90
2007,34,4887,903,18.47759361571516,20,2960,0.6756756756756757,ltv_band=>90
2007,35,4887,917,18.764067935338655,14,2907,0.48159614723082217,ltv_band=>90
2007,36,4887,938,19.19377941477389,21,2850,0.7368421052631579,ltv_band=>90
2007,37,4887,952,19.48025373439738,14,2789,0.5019720329867337,ltv_band=>90
2007,38,4887,968,19.807652956824228,16,2732,0.5856515373352855,ltv_band=>90
2007,39,4887,982,20.09412727644772,14,2678,0.5227781926811053,ltv_band=>90
2007,40,4887,992,20.298751790464497,10,2617,0.38211692777990064,ltv_band=>90
2007,41,4887,1011,20.687538367096376,19,2579,0.7367196587824738,ltv_band=>90
2007,42,4887,1018,20.830775526908123,7,2521,0.2776675922253074,ltv_band=>90
2007,43,4887,1031,21.096787395129937,13,2480,0.5241935483870968,ltv_band=>90
2007,44,4887,1042,21.321874360548392,11,2435,0.4517453798767967,ltv_band=>90
2007,45,4887,1057,21.628811131573563,15,2399,0.6252605252188412,ltv_band=>90
2007,46,4887,1074,21.97667280540209,17,2348,0.7240204429301533,ltv_band=>90
2007,47,4887,1080,22.099447513812155,6,2303,0.26052974381241856,ltv_band=>90
2007,48,4887,1096,22.426846736239,16,2267,0.7057785619761799,ltv_band=>90
2007,49,4887,1108,22.672396153059136,12,2225,0.5393258426966292,ltv_band=>90
2007,50,4887,1116,22.83609576427256,8,2189,0.3654636820465966,ltv_band=>90
2007,51,4887,1129,23.102107632494373,13,2152,0.604089219330855,ltv_band=>90
2007,52,4887,1139,23.306732146511152,10,2111,0.4737091425864519,ltv_band=>90
2007,53,4887,1145,23.429506854921218,6,2065,0.29055690072639223,ltv_band=>90
2007,54,4887,1151,23.552281563331288,6,2025,0.2962962962962963,ltv_band=>90
2007,55,4887,1163,23.79783098015142,12,1980,0.6060606060606061,ltv_band=>90
2007,56,4887,1167,23.879680785758133,4,1933,0.20693222969477496,ltv_band=>90
2007,57,4887,1181,24.166155105381623,14,1883,0.7434944237918215,ltv_band=>90
2007,58,4887,1191,24.370779619398405,10,1826,0.547645125958379,ltv_band=>90
2007,59,4887,1199,24.534479230611826,8,1766,0.45300113250283125,ltv_band=>90
2007,60,4887,1204,24.63679148762022,5,1704,0.2934272300469484,ltv_band=>90
2008,1,3352,0,0.0,0,3344,0.0,ltv_band=>90
2008,2,3352,4,0.11933174224343675,4,3333,0.12001200120012001,ltv_band=>90
2008,3,3352,15,0.44749403341288785,11,3316,0.33172496984318456,ltv_band=>90
2008,4,3352,33,0.9844868735083532,18,3283,0.5482790130977764,ltv_band=>90
2008,5,3352,44,1.3126491646778042,11,3240,0.3395061728395062,ltv_band=>90
2008,6,3352,56,1.6706443914081146,12,3195,0.3755868544600939,ltv_band=>90
2008,7,3352,66,1.9689737470167064,10,3150,0.31746031746031744,ltv_band=>90
2008,8,3352,75,2.2374701670644392,9,3102,0.2901353965183752,ltv_band=>90
2008,9,3352,84,2.5059665871121717,9,3064,0.293733681462141,ltv_band=>90
2008,10,3352,98,2.9236276849642007,14,3028,0.4623513870541612,ltv_band=>90
2008,11,3352,113,3.3711217183770885,15,2980,0.5033557046979866,ltv_band=>90
2008,12,3352,134,3.9976133651551313,21,2929,0.7169682485489929,ltv_band=>90
2008,13,3352,145,4.325775656324582,11,2858,0.38488453463960814,ltv_band=>90
2008,14,3352,163,4.862768496420048,18,2803,0.6421691045308598,ltv_band=>90
2008,15,3352,180,5.369928400954654,17,2741,0.6202116016052536,ltv_band=>90
2008,16,3352,189,5.638424821002387,9,2689,0.33469691335068796,ltv_band=>90
2008,17,3352,204,6.085918854415274,15,2650,0.5660377358490566,ltv_band=>90
2008,18,3352,214,6.384248210023866,10,2608,0.3834355828220859,ltv_band=>90
2008,19,3352,224,6.682577565632458,10,2565,0.3898635477582846,ltv_band=>90
2008,20,3352,237,7.070405727923628,13,2529,0.5140371688414394,ltv_band=>90
2008,21,3352,248,7.398568019093079,11,2474,0.444624090541633,ltv_band=>90
2008,22,3352,265,7.905727923627685,17,2421,0.7021891780256092,ltv_band=>90
2008,23,3352,279,8.323389021479713,14,2361,0.5929690808979247,ltv_band=>90
2008,24,3352,289,8.621718377088305,10,2313,0.43233895373973197,ltv_band=>90
2008,25,3352,294,8.770883054892602,5,2263,0.2209456473707468,ltv_band=>90
2008,26,3352,298,8.890214797136037,4,2221,0.180099054479964,ltv_band=>90
2008,27,3352,308,9.18854415274463,10,2190,0.45662100456621,ltv_band=>90
2008,28,3352,316,9.427207637231504,8,2143,0.3733084461035931,ltv_band=>90
2008,29,3352,330,9.844868735083532,14,2096,0.6679389312977099,ltv_band=>90
2008,30,3352,336,10.023866348448687,6,2046,0.2932551319648094,ltv_band=>90
2008,31,3352,349,10.411694510739856,13,1990,0.6532663316582915,ltv_band=>90
2008,32,3352,353,10.531026252983294,4,1936,0.2066115702479339,ltv_band=>90
2008,33,3352,359,10.710023866348449,6,1908,0.31446540880503143,ltv_band=>90
2008,34,3352,367,10.948687350835323,8,1876,0.42643923240938164,ltv_band=>90
2008,35,3352,372,11.097852028639618,5,1848,0.27056277056277056,ltv_band=>90
2008,36,3352,382,11.39618138424821,10,1821,0.5491488193300385,ltv_band=>90
2008,37,3352,385,11.485680190930788,3,1777,0.16882386043894204,ltv_band=>90
2008,38,3352,393,11.72434367541766,8,1746,0.4581901489117984,ltv_band=>90
2008,39,3352,398,11.873508353221958,5,1705,0.2932551319648094,ltv_band=>90
2008,40,3352,401,11.963007159904535,3,1664,0.18028846153846154,ltv_band=>90
2008,41,3352,407,12.14200477326969,6,1633,0.3674219228413962,ltv_band=>90
2008,42,3352,410,12.231503579952268,3,1602,0.18726591760299627,ltv_band=>90
2008,43,3352,417,12.440334128878282,7,1570,0.445859872611465,ltv_band=>90
2008,44,3352,422,12.589498806682577,5,1512,0.3306878306878307,ltv_band=>90
2008,45,3352,429,12.798329355608592,7,1473,0.47522063815342835,ltv_band=>90
2008,46,3352,433,12.91766109785203,4,1417,0.2822865208186309,ltv_band=>90
2008,47,3352,436,13.007159904534607,3,1379,0.21754894851341552,ltv_band=>90
2008,48,3352,441,13.156324582338902,5,1335,0.37453183520599254,ltv_band=>90
2008,49,3352,442,13.186157517899762,1,1279,0.07818608287724785,ltv_band=>90
2008,50,3352,450,13.424821002386635,8,1240,0.6451612903225806,ltv_band=>90
2008,51,3352,454,13.544152744630072,4,1191,0.33585222502099077,ltv_band=>90
2008,52,3352,459,13.693317422434367,5,1146,0.4363001745200698,ltv_band=>90
2008,53,3352,461,13.752983293556087,2,1104,0.18115942028985507,ltv_band=>90
2008,54,3352,464,13.842482100238664,3,1045,0.28708133971291866,ltv_band=>90
2008,55,3352,466,13.902147971360382,2,1001,0.1998001998001998,ltv_band=>90
2008,56,3352,468,13.9618138424821,2,954,0.20964360587002095,ltv_band=>90
2008,57,3352,471,14.051312649164677,3,908,0.3303964757709251,ltv_band=>90
2008,58,3352,473,14.110978520286396,2,866,0.23094688221709006,ltv_band=>90
2008,59,3352,474,14.140811455847256,1,831,0.12033694344163658,ltv_band=>90
2008,60,3352,476,14.200477326968974,2,793,0.25220680958385877,ltv_band=>90
2010,1,4277,1,0.02338087444470423,1,4276,0.023386342376052385,ltv_band=>90
2010,2,4277,1,0.02338087444470423,0,4272,0.0,ltv_band=>90
2010,3,4277,3,0.0701426233341127,2,4269,0.04684937924572499,ltv_band=>90
2010,4,4277,6,0.1402852466682254,3,4260,0.07042253521126761,ltv_band=>90
2010,5,4277,9,0.2104278700023381,3,4252,0.07055503292568203,ltv_band=>90
2010,6,4277,15,0.3507131166705635,6,4241,0.14147606696533838,ltv_band=>90
2010,7,4277,19,0.4442366144493804,4,4224,0.0946969696969697,ltv_band=>90
2010,8,4277,26,0.60790273556231,7,4211,0.16623129897886488,ltv_band=>90
2010,9,4277,35,0.8183306055646481,9,4195,0.21454112038140644,ltv_band=>90
2010,10,4277,40,0.9352349777881693,5,4173,0.11981787682722263,ltv_band=>90
2010,11,4277,48,1.1222819733458032,8,4157,0.19244647582391147,ltv_band=>90
2010,12,4277,60,1.402852466682254,12,4140,0.2898550724637681,ltv_band=>90
2010,13,4277,65,1.5197568389057752,5,4121,0.12132977432661975,ltv_band=>90
2010,14,4277,72,1.6834229600187047,7,4107,0.17044071098125152,ltv_band=>90
2010,15,4277,82,1.917231704465747,10,4082,0.2449779519843214,ltv_band=>90
2010,16,4277,90,2.104278700023381,8,4058,0.19714144898965008,ltv_band=>90
2010,17,4277,96,2.2445639466916063,6,4035,0.14869888475836432,ltv_band=>90
2010,18,4277,105,2.454991816693944,9,4013,0.224271118863693,ltv_band=>90
2010,19,4277,114,2.6654196866962825,9,3982,0.22601707684580613,ltv_band=>90
2010,20,4277,122,2.852466682253916,8,3951,0.20248038471273094,ltv_band=>90
2010,21,4277,128,2.9927519289221416,6,3911,0.1534134492457172,ltv_band=>90
2010,22,4277,137,3.20317979892448,9,3865,0.23285899094437257,ltv_band=>90
2010,23,4277,149,3.4837502922609307,12,3822,0.3139717425431711,ltv_band=>90
2010,24,4277,156,3.6474164133738602,7,3781,0.18513620735255223,ltv_band=>90
2010,25,4277,160,3.7409399111526773,4,3734,0.10712372790573112,ltv_band=>90
2010,26,4277,170,3.9747486555997193,10,3692,0.27085590465872156,ltv_band=>90
2010,27,4277,175,4.091653027823241,5,3645,0.13717421124828533,ltv_band=>90
2010,28,4277,183,4.278700023380875,8,3601,0.22216051096917522,ltv_band=>90
2010,29,4277,189,4.4189852700491,6,3560,0.16853932584269662,ltv_band=>90
2010,30,4277,197,4.606032265606734,8,3510,0.22792022792022792,ltv_band=>90
2010,31,4277,205,4.793079261164367,8,3471,0.23048112935753384,ltv_band=>90
2010,32,4277,209,4.886602758943185,4,3410,0.11730205278592376,ltv_band=>90
2010,33,4277,214,5.003507131166706,5,3366,0.14854426619132502,ltv_band=>90
2010,34,4277,217,5.073649754500818,3,3325,0.09022556390977443,ltv_band=>90
2010,35,4277,222,5.190554126724339,5,3269,0.15295197308045275,ltv_band=>90
2010,36,4277,224,5.237315875613748,2,3225,0.06201550387596899,ltv_band=>90
2010,37,4277,227,5.30745849894786,3,3194,0.09392611145898559,ltv_band=>90
2010,38,4277,233,5.447743745616086,6,3166,0.18951358180669614,ltv_band=>90
2010,39,4277,237,5.541267243394903,4,3122,0.12812299807815503,ltv_band=>90
2010,40,4277,241,5.6347907411737195,4,3080,0.12987012987012986,ltv_band=>90
2010,41,4277,248,5.79845686228665,7,3048,0.22965879265091863,ltv_band=>90
2010,42,4277,252,5.8919803600654665,4,3005,0.13311148086522462,ltv_band=>90
2010,43,4277,256,5.985503857844283,4,2972,0.13458950201884254,ltv_band=>90
2010,44,4277,262,6.125789104512509,6,2941,0.20401224073444407,ltv_band=>90
2010,45,4277,263,6.149169978957213,1,2908,0.0343878954607978,ltv_band=>90
2010,46,4277,265,6.195931727846621,2,2881,0.06942034015966678,ltv_band=>90
2010,47,4277,265,6.195931727846621,0,2854,0.0,ltv_band=>90
2010,48,4277,269,6.289455225625439,4,2832,0.14124293785310735,ltv_band=>90
2010,49,4277,274,6.40635959784896,5,2800,0.17857142857142858,ltv_band=>90
2010,50,4277,277,6.476502221183072,3,2762,0.10861694424330195,ltv_band=>90
2010,51,4277,278,6.499883095627776,1,2722,0.036737692872887584,ltv_band=>90
2010,52,4277,281,6.570025718961889,3,2687,0.11164867882396724,ltv_band=>90
2010,53,4277,284,6.640168342296002,3,2646,0.11337868480725624,ltv_band=>90
2010,54,4277,287,6.710310965630114,3,2598,0.11547344110854503,ltv_band=>90
2010,55,4277,287,6.710310965630114,0,2548,0.0,ltv_band=>90
2010,56,4277,290,6.780453588964227,3,2514,0.11933174224343675,ltv_band=>90
2010,57,4277,291,6.803834463408932,1,2481,0.04030632809351068,ltv_band=>90
2010,58,4277,295,6.8973579611877485,4,2434,0.16433853738701726,ltv_band=>90
2010,59,4277,297,6.944119710077157,2,2394,0.0835421888053467,ltv_band=>90
2010,60,4277,300,7.01426233341127,3,2358,0.1272264631043257,ltv_band=>90
2012,1,10623,0,0.0,0,10623,0.0,ltv_band=>90
2012,2,10623,0,0.0,0,10622,0.0,ltv_band=>90
2012,3,10623,11,0.10354890332297845,11,10618,0.10359766434356753,ltv_band=>90
2012,4,10623,23,0.2165113433116822,12,10597,0.1132395961121072,ltv_band=>90
2012,5,10623,34,0.32006024663466065,11,10564,0.10412722453616055,ltv_band=>90
2012,6,10623,48,0.451849759954815,14,10542,0.13280212483399734,ltv_band=>90
2012,7,10623,60,0.5648121999435188,12,10505,0.1142313184198001,ltv_band=>90
2012,8,10623,69,0.6495340299350466,9,10475,0.08591885441527446,ltv_band=>90
2012,9,10623,78,0.7342558599265744,9,10447,0.08614913372259979,ltv_band=>90
2012,10,10623,88,0.8283912265838276,10,10402,0.09613535858488752,ltv_band=>90
2012,11,10623,92,0.8660453732467288,4,10367,0.03858396836114594,ltv_band=>90
2012,12,10623,98,0.9225265932410807,6,10333,0.05806638923836253,ltv_band=>90
2012,13,10623,112,1.054316106561235,14,10297,0.13596193065941536,ltv_band=>90
2012,14,10623,126,1.1861056198813895,14,10254,0.1365320850399844,ltv_band=>90
2012,15,10623,138,1.2990680598700932,12,10201,0.1176355259288305,ltv_band=>90
2012,16,10623,156,1.4685117198531488,18,10156,0.17723513194170934,ltv_band=>90
2012,17,10623,164,1.5438200131789512,8,10103,0.07918440067306741,ltv_band=>90
2012,18,10623,175,1.6473689165019298,11,10066,0.10927876018279356,ltv_band=>90
2012,19,10623,184,1.7320907464934576,9,10023,0.08979347500748279,ltv_band=>90
2012,20,10623,190,1.7885719664878095,6,9982,0.06010819475055099,ltv_band=>90
2012,21,10623,199,1.8732937964793372,9,9942,0.09052504526252263,ltv_band=>90
2012,22,10623,202,1.9015344064765132,3,9902,0.03029690971520905,ltv_band=>90
2012,23,10623,209,1.9674291631365903,7,9842,0.07112375533428165,ltv_band=>90
2012,24,10623,213,2.005083309799492,4,9789,0.04086219225661457,ltv_band=>90
2012,25,10623,216,2.0333239197966675,3,9726,0.030845157310302282,ltv_band=>90
2012,26,10623,218,2.052150993128118,2,9667,0.020688941760628944,ltv_band=>90
2012,27,10623,226,2.1274592864539206,8,9607,0.08327261371916311,ltv_band=>90
2012,28,10623,233,2.193354043113998,7,9553,0.07327541086569664,ltv_band=>90
2012,29,10623,242,2.278075873105526,9,9486,0.09487666034155598,ltv_band=>90
2012,30,10623,246,2.315730019768427,4,9420,0.04246284501061571,ltv_band=>90
2012,31,10623,252,2.372211239762779,6,9355,0.06413682522715125,ltv_band=>90
2012,32,10623,259,2.438105996422856,7,9307,0.07521220586655206,ltv_band=>90
2012,33,10623,266,2.5040007530829334,7,9246,0.07570841444949167,ltv_band=>90
2012,34,10623,274,2.579309046408736,8,9175,0.08719346049046321,ltv_band=>90
2012,35,10623,278,2.616963193071637,4,9101,0.04395121415229096,ltv_band=>90
2012,36,10623,286,2.6922714863974395,8,9025,0.0886426592797784,ltv_band=>90
2012,37,10623,296,2.7864068530546926,10,8931,0.11196954428395477,ltv_band=>90
2012,38,10623,302,2.8428880730490445,6,8855,0.06775832862789384,ltv_band=>90
2012,39,10623,306,2.8805422197119457,4,8791,0.04550108065066545,ltv_band=>90
2012,40,10623,313,2.946436976372023,7,8720,0.08027522935779817,ltv_band=>90
2012,41,10623,318,2.9935046597006494,5,8643,0.057850283466388985,ltv_band=>90
2012,42,10623,328,3.0876400263579025,10,8552,0.11693171188026193,ltv_band=>90
2012,43,10623,332,3.1252941730208037,4,8472,0.047214353163361665,ltv_band=>90
2012,44,10623,336,3.1629483196837054,4,8389,0.04768148766241507,ltv_band=>90
2012,45,10623,341,3.2100160030123317,5,8318,0.06011060351045924,ltv_band=>90
2012,46,10623,345,3.247670149675233,4,8224,0.048638132295719845,ltv_band=>90
2012,47,10623,349,3.285324296338134,4,8134,0.04917629702483403,ltv_band=>90
2012,48,10623,352,3.3135649063353103,3,8026,0.0373785198106155,ltv_band=>90
2012,49,10623,354,3.332391979666761,2,7925,0.025236593059936908,ltv_band=>90
2012,50,10623,357,3.3606325896639366,3,7828,0.03832396525293817,ltv_band=>90
2012,51,10623,358,3.370046126329662,1,7736,0.012926577042399173,ltv_band=>90
2012,52,10623,366,3.4453544196554646,8,7639,0.10472574944364446,ltv_band=>90
2012,53,10623,373,3.5112491763155416,7,7542,0.09281357730045081,ltv_band=>90
2012,54,10623,375,3.530076249646992,2,7458,0.026816840976133013,ltv_band=>90
2012,55,10623,382,3.5959710063070696,7,7373,0.09494100094941,ltv_band=>90
2012,56,10623,385,3.6242116163042457,3,7287,0.04116920543433512,ltv_band=>90
2012,57,10623,389,3.661865762967147,4,7194,0.055601890464275786,ltv_band=>90
2012,58,10623,393,3.699519909630048,4,7105,0.05629838142153413,ltv_band=>90
2012,59,10623,397,3.7371740562929494,4,7039,0.0568262537292229,ltv_band=>90
2012,60,10623,404,3.8030688129530263,7,6967,0.10047366154729438,ltv_band=>90
2015,1,7249,0,0.0,0,7247,0.0,ltv_band=>90
2015,2,7249,0,0.0,0,7246,0.0,ltv_band=>90
2015,3,7249,5,0.06897503103876397,5,7239,0.06907031357922365,ltv_band=>90
2015,4,7249,5,0.06897503103876397,0,7223,0.0,ltv_band=>90
2015,5,7249,7,0.09656504345426956,2,7214,0.02772387025228722,ltv_band=>90
2015,6,7249,8,0.11036004966202234,1,7196,0.013896609227348526,ltv_band=>90
2015,7,7249,10,0.13795006207752794,2,7177,0.02786679671171799,ltv_band=>90
2015,8,7249,11,0.15174506828528073,1,7143,0.013999720005599889,ltv_band=>90
2015,9,7249,15,0.2069250931162919,4,7094,0.05638567803777841,ltv_band=>90
2015,10,7249,16,0.22072009932404468,1,7059,0.014166312508853945,ltv_band=>90
2015,11,7249,19,0.26210511794730307,3,7006,0.042820439623180134,ltv_band=>90
2015,12,7249,23,0.31728514277831427,4,6955,0.05751258087706686,ltv_band=>90
2015,13,7249,24,0.331080148986067,1,6892,0.014509576320371444,ltv_band=>90
2015,14,7249,28,0.3862601738170782,4,6824,0.05861664712778429,ltv_band=>90
2015,15,7249,31,0.4276451924403366,3,6759,0.04438526409232135,ltv_band=>90
2015,16,7249,33,0.4552352048558422,2,6691,0.029890898221491557,ltv_band=>90
2015,17,7249,37,0.5104152296868534,4,6635,0.06028636021100226,ltv_band=>90
2015,18,7249,40,0.5518002483101118,3,6579,0.045599635202918376,ltv_band=>90
2015,19,7249,43,0.5931852669333701,3,6527,0.04596292324191818,ltv_band=>90
2015,20,7249,45,0.6207752793488757,2,6470,0.030911901081916538,ltv_band=>90
2015,21,7249,46,0.6345702855566285,1,6415,0.01558846453624318,ltv_band=>90
2015,22,7249,52,0.7173403228031453,6,6367,0.09423590387937804,ltv_band=>90
2015,23,7249,64,0.8828803972961787,12,6304,0.19035532994923857,ltv_band=>90
2015,24,7249,74,1.0208304593737068,10,6240,0.16025641025641027,ltv_band=>90
2015,25,7249,75,1.0346254655814595,1,6153,0.01625223468226881,ltv_band=>90
2015,26,7249,82,1.131190509035729,7,6080,0.11513157894736842,ltv_band=>90
2015,27,7249,88,1.2139605462822458,6,6015,0.09975062344139651,ltv_band=>90
2015,28,7249,91,1.2553455649055043,3,5953,0.050394758945069715,ltv_band=>90
2015,29,7249,95,1.3105255897365153,4,5885,0.06796941376380629,ltv_band=>90
2015,30,7249,101,1.393295626983032,6,5813,0.10321692757612248,ltv_band=>90
2015,31,7249,107,1.4760656642295489,6,5746,0.10442046641141664,ltv_band=>90
2015,32,7249,114,1.5726307076838184,7,5672,0.1234132581100141,ltv_band=>90
2015,33,7249,116,1.6002207200993241,2,5610,0.035650623885918005,ltv_band=>90
2015,34,7249,120,1.6554007449303352,4,5551,0.07205908845253108,ltv_band=>90
2015,35,7249,123,1.6967857635535937,3,5490,0.0546448087431694,ltv_band=>90
2015,36,7249,125,1.7243757759690992,2,5443,0.03674444240308653,ltv_band=>90
2015,37,7249,129,1.7795558008001104,4,5400,0.07407407407407407,ltv_band=>90
2015,38,7249,131,1.807145813215616,2,5348,0.037397157816005985,ltv_band=>90
2015,39,7249,135,1.8623258380466272,4,5305,0.07540056550424128,ltv_band=>90
2015,40,7246,141,1.9459011868617169,6,5239,0.11452567283832793,ltv_band=>90
2015,41,7245,145,2.0013802622498273,4,5192,0.07704160246533127,ltv_band=>90
2015,42,7243,147,2.029545768328041,2,5148,0.03885003885003885,ltv_band=>90
2015,43,7241,151,2.0853473277171664,4,5105,0.07835455435847209,ltv_band=>90
2015,44,7241,155,2.140588316530866,4,5054,0.07914523149980214,ltv_band=>90
2015,45,7241,157,2.168208810937716,2,5005,0.03996003996003996,ltv_band=>90
2015,46,7233,157,2.1706069404120005,0,4948,0.0,ltv_band=>90
2015,47,6599,138,2.091225943324746,0,4468,0.0,ltv_band=>90
2015,48,6073,122,2.008891816235798,0,4070,0.0,ltv_band=>90
2015,49,5381,112,2.0813975097565507,5,3548,0.14092446448703494,ltv_band=>90
2015,50,4736,103,2.174831081081081,1,3061,0.03266906239790918,ltv_band=>90
2015,51,4087,92,2.251039882554441,3,2628,0.1141552511415525,ltv_band=>90
2018,1,10422,0,0.0,0,10414,0.0,ltv_band=>90
2018,2,10421,0,0.0,0,10408,0.0,ltv_band=>90
2018,3,10420,1,0.009596928982725527,1,10392,0.00962278675904542,ltv_band=>90
2018,4,10420,1,0.009596928982725527,0,10364,0.0,ltv_band=>90
2018,5,10418,3,0.02879631407179881,2,10324,0.019372336303758234,ltv_band=>90
2018,6,10418,9,0.08638894221539643,6,10281,0.058360081704114386,ltv_band=>90
2018,7,10418,10,0.0959877135726627,1,10204,0.009800078400627205,ltv_band=>90
2018,8,10417,16,0.15359508495728136,6,10102,0.0593941793704217,ltv_band=>90
2018,9,10417,22,0.21119324181626187,6,9998,0.060012002400480095,ltv_band=>90
2018,10,10412,29,0.2785247791010373,7,9866,0.07095073991485912,ltv_band=>90
2018,11,9699,28,0.28868955562429116,1,9110,0.010976948408342482,ltv_band=>90
2018,12,8836,32,0.362154821186057,5,8258,0.06054734802615645,ltv_band=>90
2018,13,7859,33,0.41990075073164523,5,7298,0.06851192107426693,ltv_band=>90
2018,14,7034,39,0.554449815183395,7,6465,0.10827532869296211,ltv_band=>90
2018,15,6020,38,0.6312292358803987,2,5497,0.03638348189921776,ltv_band=>90
